marca_monitorada,marca_colidente,classe_marca_monitorada,classe_marca_colidente,score,y,pred
A2R ENERGIA SOLAR,A2R2,35,40,0.99338394,0,1
SUPERMERCASA,SUPERMERCADO PAIVA,35,5,0.9929103,0,1
GESTAÇÃO,Gestar +,9,42,0.9914438,0,1
BEONFASHION ON-LINE STYLE,Jan Fashion,25,25,0.9910759,0,1
FA FASHION ATACADISTA O VAREJO NO PRECINHO DE ATACADO,DIVA FASHION,25,25,0.99080807,0,1
SISAL JEANS,SIX,25,40,0.98990226,0,1
VEST GOSPEL,VEXTER,25,25,0.9884517,0,1
UNIFOR-MG CENTRO UNIVERSITÁRIO DE FORMIGA,UNISAT UNIFORMES,25,25,0.98794657,0,1
DOM PASTEL,PASTÉ,42,43,0.987515,0,1
OdontoCape centro odontológico,ODONTOUR,41,44,0.98686254,0,1
LULUI BIKINIS,LUBE,25,40,0.98677826,0,1
MD SISTEMAS,SISTEMAG,42,42,0.9865898,0,1
FARDIN,Farin,30,30,0.98234475,0,1
BELLA DAMA COSMÉTICOS,D'Bella,35,3,0.98039824,0,1
UMTELECOM,HG TELECOM,38,38,0.9788729,0,1
COLMEIA,KOLMEIA,42,42,0.97714657,0,1
PASTEL DA TERRA,PASTELÊ,43,30,0.97654486,0,1
Virtua Vet Coworking Veterinário,VETTES,44,35,0.9764948,0,1
ATELIÊ BOLDO,ATELIÊ DA GI,25,25,0.9759542,0,1
G GRA VIAGENS,grão.,39,39,0.9757145,0,1
MARCENARIA MLM LUCAS MÓVEIS,MARCENAR,20,20,0.97539717,0,1
Scanauto,Scana,37,42,0.974294,0,1
MARLEX SELAS E ACESSÓRIOS,MARLELI,35,25,0.97424215,0,1
FAMÍLIA CHURRASQUINHO,HAMAGLIA,35,25,0.9740448,0,1
Hconnect,ZOECONNECT,42,42,0.97350174,0,1
CB CASA BETEL,CASAE,35,20,0.9731646,0,1
Multihype,Multifeme,28,41,0.9723671,0,1
GREEN GUPPY,GREEN MONEY,25,35,0.97161037,0,1
UMTELECOM,A9 Telecom,38,38,0.970595,0,1
MISS NINA,Nini,25,35,0.97027266,0,1
DURAFORT,ARAFORT,11,9,0.96996033,0,1
RELEVANTE,R RELEVANTE NEWS,41,41,0.9696796,0,1
LINAUS CLINIC,LINAR,44,9,0.96955264,0,1
CONTÁBIL TURMALINA,CONTABILEIS,35,35,0.9688389,0,1
UMTELECOM,F6 TELECOM,38,38,0.96691585,0,1
EU TE PEGO,ICE EU TE PEGO!,35,33,0.96562,0,1
SANAUTO,SOSAN AUTO,12,7,0.9648494,0,1
R W,RW,35,35,0.9645913,0,1
MÉTODO 3T,MÉTODO DES,41,41,0.9628289,0,1
LY BEACHWEAR,LIVELI,25,25,0.9620004,0,1
A ALTERNATIVA,ALTIVA,35,25,0.96093404,0,1
ArteSanto Feira Nacional do Artesanato do Espírito Santo,ARTESANOU,35,35,0.96015936,0,1
LIFE SPACE,theSpace,42,42,0.9595607,0,1
SMART SCOOTERS,B=SMART,35,35,0.958035,0,1
AIZU ENGENHARIA E ARQUITETURA,AIZI.,42,35,0.95723146,0,1
FESTIVAL DE OLHO NO PORCO,DE OLHO NO ESPORTE,41,41,0.9570984,0,1
Virtua Vet Coworking Veterinário,TAVET,44,5,0.95687866,0,1
BOGHOS BOYADJIAN CADI CENTRO AVANÇADO DE DIAGNOSTICO POR IMAGEM,CADI CENTRO AVANÇADO DE DIAGNÓSTICO POR IMAGEM,44,10,0.9566804,0,1
XES BRASIL,SE7ES,25,25,0.95662606,0,1
SR. & SRA. FIT,SRX,35,5,0.956319,0,1
QUINTAL DO COCO,QUINTAL DO ZICO,39,43,0.9560896,0,1
IVIDROS,NM VIDROS,35,19,0.95527,0,1
MÓVEIS PAGANINI,Harmoni MÓVEIS,20,20,0.95516384,0,1
CHAMA EMPREENDEDORA,Moda Empreendedora,41,41,0.9517947,0,1
Temperos Magia,TEMPERO DO EDU,30,30,0.95134187,0,1
ALPHA CO.,ALPHA PRIME,25,40,0.94897085,0,1
ARENA BEACH,OWL BEACH ARENA,38,41,0.94886637,0,1
CASA D INTERIORES,Casa do Véu,35,25,0.94878227,0,1
AUTO PEÇAS MATOS,AUTOPECASLTZ2020,35,35,0.94850075,0,1
Festival de Inverno de Garanhuns FIG,Festival de Vinhos de Inverno,41,41,0.9463405,0,1
A MAR A VIDA,Vida,41,41,0.9455585,0,1
PASTEPIZZA LANCHES,PASTÉ,43,43,0.94539243,0,1
Elevant Consultoria,ELEVATE,35,44,0.9453096,0,1
DOCES DELLÉ,DOCES +,35,30,0.9450213,0,1
M MANIX,Manyoo,25,18,0.94368345,0,1
data pool.io,datapoli,42,35,0.9436618,0,1
ANA CLARA,Ana Clara,40,20,0.941417,0,1
SUPERMERCASA,SUPERMERCADO PAIVA,35,8,0.9411616,0,1
DEEP COLLECTION,Alvile collection,25,25,0.94101673,0,1
BOUTIQUE PET LUCKY JR,LT BOUTIQUE,35,40,0.94054645,0,1
AXÉ DA SORTE,axexo,36,36,0.9403994,0,1
Virtua Vet Coworking Veterinário,Uravet,44,10,0.93944913,0,1
ELETRO SOLAR,SIM Eletro,35,35,0.9394018,0,1
CLINICA D.O.C SAÚDE PERSONALIZADA,Clini,44,42,0.9390352,0,1
AMAZON PRODUTOS NATURAIS,amazoca,30,43,0.9381654,0,1
MOODZ COLLECTION,WE COLLECTION,25,25,0.93806285,0,1
CONFEITARIA AURORA ITABIRITO,AL confeitaria,43,35,0.9371514,0,1
Trivora Utilidades,Trivo,35,43,0.93712556,0,1
PARADISE CHANNELS,Channels,38,41,0.9369851,0,1
É DE CASA ENERGIA SOLAR,+CASA,42,37,0.9368575,0,1
SANTO AFETO TEEN & KIDS,Santo Axé,25,35,0.93632704,0,1
CONTGA,CONTGO,37,42,0.9359411,0,1
E.CONTROL,ABACONTROL,9,42,0.935512,0,1
MINISTÉRIO SEMELHANTE,MINISTÉRIO ÉFOZ,41,41,0.9349156,0,1
SUPER FRANGUINHO,SUPERMERCADO MORANGUINHO,35,30,0.93411994,0,1
D PRIMES AÇAIZINHO,PRIMEBOI,30,35,0.9339626,0,1
VirtuaMed O hub da saúde coworking médico,ORAMED,44,44,0.93365145,0,1
COFFEE BREAK COCO BAMBU,BAMBUÍ,43,43,0.93360823,0,1
P COFFEE,Coffeenet,43,30,0.9330314,0,1
MÉTODO 3T,Método RGP,41,41,0.9319374,0,1
Be You Beauty Clinic By Vanessa Rosalem,By Be You,44,35,0.931849,0,1
Vila Alimentos,VYLO,30,9,0.9300153,0,1
CENTRO DE TREINAMENTO THE MOVEMENT,ULTRA5 CENTRO DE TREINAMENTO,41,41,0.92990416,0,1
Prato Pet,PRATO ÚNICO,31,43,0.92978936,0,1
Atrium Parfum,Atrium,35,30,0.9294914,0,1
MÉTODO 3T,Método RNA,41,41,0.9294147,0,1
AMOR E SORRISOS IMPLANTES,Sorriso real,35,44,0.92910236,0,1
SUPER FRANGUINHO,SUPERMERCADO MORANGUINHO,35,39,0.9289137,0,1
SUPER LAGOA,SUPER LUZ,30,35,0.9272089,0,1
AUTHENTIC BIKE SHOP,AUTENTICE,35,35,0.9240934,0,1
BISCOITOS SARETTA,Biscoiterices,30,30,0.92271024,0,1
CV / INVEST DTVM,INVEXUS,36,36,0.9224925,0,1
GABRIEL SOUZA,Gabriel,41,41,0.92127055,0,1
ELETRO SOLAR,ELETROAMAPÁ,35,40,0.92089474,0,1
NORMATEL INCORPORAÇÕES,NORMANI,36,37,0.92044336,0,1
PROFIX,ProFio,35,44,0.919361,0,1
AVESTA,AVI,36,36,0.9191964,0,1
SABORES EM FRUTA,Saboreô,43,43,0.919185,0,1
Marketing Erótico,Get Marketing,41,41,0.9178325,0,1
TRU LOGÍSTICA,Trevo,43,30,0.91751516,0,1
ÁGUA MINERAL QUALITY LIFE,EQUALITY,32,35,0.9170283,0,1
CAFÉ BARREIRO,Café Vô Guerreiro,40,40,0.9169823,0,1
Empório Casa & Corpo,EMPÓRIO OF KING,35,3,0.91674256,0,1
LOVE PET A MARCA DE ACESSÓRIOS DO SEU PET...,Pet Lobs,7,35,0.9165182,0,1
POP RIO,PRIO,44,42,0.9164376,0,1
Prato Pet,PRATO CHEIO,31,35,0.9158666,0,1
NATTÚRIAS,NATURY,35,29,0.9158236,0,1
UNA GRANDE DESENVOLVIMENTO,GRANDO,36,35,0.91529405,0,1
BOUTIQUE PET LUCKY JR,BOUTIQUE DAYIL,35,25,0.91522706,0,1
AGÊNCIA ART,AGÊNCIACROSBY.,35,35,0.91436625,0,1
START COMUNICAÇÃO INTEGRADA,STARKE,35,35,0.91383475,0,1
TEXAS BURGER,TEXATERAS,43,30,0.9136282,0,1
DOE DE CORAÇÃO,CORAÇÃO DE MÃE,41,38,0.9133979,0,1
MÉTODO DENTISTA MILIONÁRIO,Protagonista Milionário,41,41,0.9122336,0,1
EMPÓRIO ESTILO,EMPÓRIO POMARKET,35,35,0.9119401,0,1
AKAI AÇAÍ DO BRASIL,AKAE,35,35,0.9118742,0,1
IVIDROS,NM VIDROS,21,35,0.9093612,0,1
HARDFERRAMENTAS,Pinho Ferramentas,35,8,0.90919447,0,1
CAMPOS DO JORDÃO,campos do jordão design festival,0,41,0.90886426,0,1
açaí Vitaly Pura energia,VITALE,35,33,0.90777653,0,1
DELÍCIAS DA XÚ LANCHONETE,Delícias da Tarde,43,43,0.90676624,0,1
Reduto,REDUTO,42,33,0.9065398,0,1
EMPÓRIO POUSO ALEGRE,Emporio WEB,35,21,0.906427,0,1
RANCHO DO ACARAJÉ,RANCHO BENNU,43,30,0.90620744,0,1
Janutri,Sua Nutri,42,9,0.9059658,0,1
ELETRO SOLAR,ELETRONLIMA,35,42,0.9053788,0,1
A MAR A VIDA,MARV,35,25,0.90499085,0,1
Chama,CHAMA!,35,34,0.904826,0,1
LULUI BIKINIS,LULU BROWNIE,25,30,0.9047545,0,1
HEAD MADE,Headii,42,9,0.9042382,0,1
PLANO DE CARREIRA,CARREIRA LIVE,41,41,0.9040855,0,1
DIARIO NO CAMPO,CODIGO DIARIO,41,41,0.90334696,0,1
MY BIRDS,flybirds,35,35,0.9030336,0,1
energia natural,A NATURAL,30,35,0.9027216,0,1
INFOPRODUTO 360º,Infoproduto Fura Fila,41,41,0.90202814,0,1
VITOMAR SUPERMERCADO,VYBE SUPERMERCADO,35,35,0.90202725,0,1
DOMUS,Domus Prime,35,35,0.9019945,0,1
JAPA,JAPA FAST,40,43,0.90175736,0,1
ÓTICA MIDO,ÓTICAS CLIN,35,35,0.90115106,0,1
DELÍCIAS DA MIRA DO DOCE AO SALGADO,DELÍCIAS DA LENNY,35,35,0.9007489,0,1
Virtua Office Coworking Ideas,VIRAW,35,35,0.90041816,0,1
BA COFFEE,COFFEX,43,35,0.90001905,0,1
OKA PLANEJADOS,OKARI,35,30,0.899399,0,1
predicta,predictus,36,42,0.8991032,0,1
PP TREINAMENTOS,Aí TREINAMENTOS,41,41,0.8984077,0,1
SUPERMERCASA,SUPER C,35,35,0.8971078,0,1
BARRA CONNECT PROVEDOR DE INTERNET,CONNECTWAY,38,35,0.89695334,0,1
GRUPO S,GRUPO LEH,35,35,0.8962351,0,1
MASTER ALUMÍNIO,MASTERIZA,35,35,0.89550394,0,1
DOE DE CORAÇÃO,CORAÇÃO DE PEDRA,41,41,0.895054,0,1
EMPREENDER NÃO É BAGUNÇA,Empreendo-Me,41,41,0.89401126,0,1
SMART ELETRÔNICOS,SMARTCOMP,35,35,0.89377296,0,1
RI ARQUITETURA,Arquitetura Cocriadora,42,42,0.893622,0,1
CI CALHAS IPATINGA,CALHAS DIAS,6,35,0.8928661,0,1
PORTAL DOS REIS RECEPÇÕES EVENTOS,Portal dos Sonhos,41,43,0.89283645,0,1
SEU DIREITO,Direito mais café,38,41,0.89240265,0,1
ELETRO SOLAR,NIELETRO,35,11,0.8921349,0,1
AGÊNCIA ART,AGÊNCIA K1,35,35,0.88948935,0,1
PÃO DE QUEIJO TINÔ,Pão de Queijo Dona Nice,30,35,0.88916665,0,1
NORMATEL INCORPORAÇÕES,NORMANI,37,37,0.8882878,0,1
BOIADEIRINHA,BOIADEIRA,41,38,0.8877661,0,1
MEDICALVIS,MEDICAL DENTE,35,44,0.88768077,0,1
OHIMÓVEIS,A3 Imóveis,36,36,0.8872425,0,1
Método Post Irresistível,MÉTODO HOKMÃ,41,41,0.88572085,0,1
ELEVA POR RENATA PAULA SANTIAGO,Elevus,35,35,0.8855203,0,1
EU ENGLISH UNIVERSE,English Growth,41,41,0.8845391,0,1
MUNDO EM MENU,MUNDO MAR,38,41,0.8843597,0,1
Reduto,reduto,42,35,0.8841958,0,1
SUPERMERCASA,SUMMER SUPERMERCADOS,35,35,0.8833046,0,1
Virtua Vet Coworking Veterinário,VIRAW,35,35,0.88282186,0,1
Six Pilates Studio,ZENA PILATES,41,41,0.88186353,0,1
SABOR DO VALE ALIMENTOS,SABOR DO VERÃO,29,43,0.8818279,0,1
SER SAÚDE,Saudee,41,35,0.88025665,0,1
FORTALEZA MAR HOTEL,PORTALE,43,43,0.87969226,0,1
REIS CELL,RLY REIS,35,35,0.879502,0,1
VIA VERDE,VY.A,44,35,0.8791071,0,1
HARDFERRAMENTAS,JOTAFER Ferramentas,35,7,0.8786273,0,1
MY,MY,35,35,0.8781547,0,1
Hama Decor,FAMA Casa & Decor,24,35,0.878074,0,1
LÁ NO PASTEL,IPASTEL,43,39,0.8773239,0,1
Agência - Assistência de Elite,AGÊNCIA PAPO,35,35,0.8767902,0,1
Academia Brasileira de Psicologia Baseada em Evidências,ACADEMIA BRASILEIRA DE CINEMA,35,41,0.876292,0,1
MERCADO DA MAKE,MERCADO DA CHAPA,35,35,0.8753762,0,1
REDE BRASIL DE NEGÓCIOS,BRASILIA,35,12,0.8740337,0,1
PRO PRODUÇÕES E PROPAGANDA,ZMX PRODUÇÕES,41,41,0.8738365,0,1
EMPÓRIO COCADAS OLIMPIO,EMPÓRIO GAMBITO,35,35,0.872936,0,1
ENGENHAR CONSULTORIA,Engenorte Engenharia,42,37,0.87282974,0,1
ACRIMAX CAST ACRYLIC,LUCRIMAX,17,35,0.87224686,0,1
SYM,SISMIX,36,36,0.8719083,0,1
INSTITUTO REVER SETE QUEDAS,INSTITUTO OPERA,41,41,0.87188256,0,1
REDE SUPER RURAL,SUPER C,35,35,0.8712338,0,1
Bella NOBRE DOCES,Bellanda,29,29,0.8711536,0,1
EMPÓRIO COCADAS OLIMPIO,EMPÓRIO ZOE,35,35,0.8705691,0,1
Bella NOBRE DOCES,BEL,35,35,0.86995524,0,1
GRUPO MS MAIS QUE SAÚDE,GRUPO JL,35,35,0.8692829,0,1
ELECTROSOL ENERGIA SOLAR,Electrly,35,37,0.86916625,0,1
VIXSYSTEM SOLUÇÕES EM TECNOLOGIA DA INFORMAÇÃO,VIXTE,42,35,0.8686512,0,1
VIRTUA COFFEE WORK,VIRAW,35,35,0.8678237,0,1
TOTUS DESIGN,TOKYO DESIGN,20,20,0.86744285,0,1
SORÓ,ZOROASTRO,33,35,0.866958,0,1
Clínica NV,CLINIC,41,44,0.86657435,0,1
COXIBURGUER,GIBI BURGUER,30,29,0.8665074,0,1
Marketing Erótico,RAP MARKETING,41,38,0.8663934,0,1
ALLWELL,ALLCELL,35,35,0.8663517,0,1
PROFIX,PETROFIX,35,21,0.86548233,0,1
BRASILGÁS,BRASILIA,35,12,0.86500174,0,1
HARDMÁQUINAS,NE MÁQUINAS,35,35,0.864573,0,1
Cantinho do Bolinha Pet Boutique,CANTINHO DO BONI,35,43,0.8643797,0,1
TERRAMAXX SOLUÇÕES EM IMPLEMENTOS FLORESTAIS,Terramor,35,35,0.8639078,0,1
Pousada Vila dos Santos,SANTOSHA,43,43,0.86362666,0,1
ALPHA CO.,ALPHA SPEED,25,35,0.8633081,0,1
MARKINHOS FESTAS & LANCHES,MARAVINHOS,41,35,0.8623772,0,1
Academia Brasileira de Psicologia Baseada em Evidências,ACADEMIA BRASILEIRA DE POKER,35,41,0.86224365,0,1
KONIK,KONICA,-1,9,0.8611822,0,1
CV / INVEST DTVM,Investcare,36,36,0.86044806,0,1
EMPÓRIO DO BOLO,EMPÓRIO DO Ó,30,35,0.8603724,0,1
BABY CENTER,Body Center,25,35,0.8599254,0,1
PANTA'S,Pantanal,9,10,0.85983264,0,1
COMOL CONSULTORIA M.L.,Comot,42,35,0.8585241,0,1
NOSSA MARCENARIA !,ATM MARCENARIA,20,20,0.8584618,0,1
Usina de Negócios,Negócios SP,41,41,0.85798424,0,1
D' TUDO EMBALAGENS E DESCARTÁVEIS,TUDO DE PET,35,35,0.85795987,0,1
ZENITH GOURMET,zenity,43,35,0.8568863,0,1
PAPO CARREIRA,CARREIRA LIVE,41,41,0.8566474,0,1
COLÉGIO CONEXÃO,CONEXÃO WK,43,35,0.856335,0,1
ENGENHAR CONSULTORIA,ENGMAD ENGENHARIA,42,37,0.8561078,0,1
TERRA DO GELO AR CONDICIONADO,TERRAGOTA,35,35,0.85532135,0,1
E-CLEAN,CLEANSUI,11,11,0.8552126,0,1
TERRAS DO TEJO,TERRAZUL,35,35,0.85382754,0,1
UMTELECOM,WT TELECOM,42,38,0.853487,0,1
HAPFARMA,MOZA PHARMA,35,35,0.85309076,0,1
REI DA LINGERIE,ROVINNI LINGERIE,25,35,0.85254794,0,1
BURGER'S ARTESANAIS LAFOME,KL BURGER'S,43,43,0.8520728,0,1
INNEX,Innex,-1,42,0.8517566,0,1
SERTANEJA,SERTANEJO EYEWEAR,7,9,0.8515797,0,1
PADRÃO,PÁTIO BOQUEIRÃO,42,35,0.8514937,0,1
EMPÓRIO POUSO ALEGRE,EmpórioTek,35,35,0.8510093,0,1
C CASA DAS MÁQUINAS,Casa das MÁQUINAS & REFRIGERAÇÃO,37,37,0.8507898,0,1
LATIN MASTER,Master-G,35,9,0.84982437,0,1
SUPERMERCASA,Supermercado Brilho,35,35,0.84938914,0,1
É HIT,Hiit,38,41,0.8490109,0,1
EMPÓRIO DO BOI CASA DE CARNES,EmpórioTek,35,35,0.8480637,0,1
PÃO DE QUEIJO UNAÍ,PÃO DE QUEIJO VOVÓZANA,43,40,0.8478445,0,1
EMPÓRIO VÓ OLIVIA,Empório Vilarin,35,25,0.8471442,0,1
SER SAÚDE,Saúde[IA],35,35,0.847034,0,1
POUSADA LUAR DA SERRA,LUARA,43,29,0.8459308,0,1
Agência - Assistência de Elite,AGÊNCIA PITT,35,35,0.84586287,0,1
RNP BRASIL ATACADO CAMA MESA E BANHO,CF BRASIL,35,25,0.8456205,0,1
MERCADINHO PRIMATA ITAMAMBUCA - UBATUBA,PARÇA MERCADINHO,35,35,0.84524834,0,1
ALUMÍNIO ALIANÇA,ALOX ALUMINIUM,35,35,0.8451688,0,1
PADARIA DO CARLITO DESDE: 1930,PADOCARIA,35,43,0.84322125,0,1
TECH WIND SERVICES,TECH WIX,37,37,0.8424855,0,1
MÉTODO 3T,MÉTODO PPG,41,41,0.8409174,0,1
CEARÁ MOTOS,CAPIVARA MOTOS,35,35,0.8408901,0,1
INICIATIVA EDUCA!,EducaGov,35,35,0.8408707,0,1
LATIN MASTER,MASTER WIN,12,12,0.84062856,0,1
A MAR A VIDA,AMARA,25,35,0.8403014,0,1
TOMAZ DISTRIBUIDORA,TOMASI,35,11,0.840149,0,1
Terra dos Grandes Festivais,TERRA DO SOL,41,41,0.84013706,0,1
PERSONALE PLANTAS,Personia,42,42,0.8395514,0,1
COLISÃO DISTRIBUIDORA EMBALAGENS EM GERAL,FM DISTRIBUIDORA,35,35,0.83942205,0,1
Fertnutri por Paula Tâmara,PERNUTRI,35,44,0.83928716,0,1
INSTITUTO REVER SETE QUEDAS,INSTITUTO VIETRI,41,41,0.83873254,0,1
CENTRO EDUCACIONAL PEQUENINOS JÚNIOR,PRÓ FUTURO CENTRO EDUCACIONAL,41,41,0.8386763,0,1
M METALBRASIL,SAL BRASIL,35,18,0.83840346,0,1
DOM CHURRASCO,CHURRASCO DO ITALO,43,35,0.8381044,0,1
INICIATIVA EDUCA!,EDUCATION +,41,41,0.837346,0,1
Academia de Astrologia,ACADEMIA IATI,41,41,0.83653647,0,1
Academia de Astrologia,ACADEMIA IATI,41,41,0.83653647,0,1
PIZZA DOS HERÓIS,Pizzaqui,43,43,0.8359429,0,1
SOLUÇÕES ADMINISTRADORA DE CONDOMÍNIOS,VIÜ SOLUÇÕES,36,36,0.83573705,0,1
ENSINAÇÃO,ENSINA AGR,41,41,0.83487844,0,1
LATIN MASTER,MASTER WIN,35,12,0.8348065,0,1
DELÍCIAS DA MIRA DO DOCE AO SALGADO,DELÍCIAS DA TARDE,35,29,0.8345473,0,1
UMTELECOM,DTELECOM,35,42,0.83453256,0,1
MERCADINHO PRIMATA ITAMAMBUCA - UBATUBA,MERCADINHO ANIMAL,35,31,0.8331868,0,1
Paradinha,HARAS DA RAINHA,30,35,0.83310837,0,1
ALFA GNV INJECTION,AlfaZoo,35,35,0.8330885,0,1
META ENGENHARIA SERVIÇOS,Meta,35,35,0.83285713,0,1
GARAGEM 59,LÉO GARAGEM,35,35,0.8327914,0,1
HARDFERRAMENTAS,JOTAFER Ferramentas,35,21,0.83273447,0,1
EMPÓRIO VSN+ VENTURA SPORTS NUTRITION,EMPÓRIO 3S,35,35,0.8323676,0,1
Engenharia Academy,ACADEMISEC,41,41,0.83225405,0,1
EMPORIUM SOFÁ SOFÁ E DECORAÇÃO FÁBRICA SANTOS,Empório CTZ,35,35,0.832115,0,1
NOCA ACESSÓRIOS,N NOCA,35,30,0.8320317,0,1
LULUI BIKINIS,LUNG,25,35,0.8310909,0,1
NORMATEL DESIGN,NORMANI,35,20,0.8307378,0,1
DELÍCIAS DA MIRA DO DOCE AO SALGADO,DELÍCIAS DA AMAZÔNIA,35,43,0.83067334,0,1
V VIRTUDE MARIANA MODA MODESTA,MAR.IANA,35,35,0.8306214,0,1
SOLUÇÕES ADMINISTRADORA DE CONDOMÍNIOS,SOLUÇÕES S NALDI,35,40,0.82978994,0,1
VIRTUA COFFEE WORK,CONEXÃO VIRTUAL,35,35,0.8284509,0,1
PASTELÃO PAULISTA,Pastel da Mi,43,29,0.8279681,0,1
MERCADO DAS COISAS,MINAS MERCADO,35,43,0.82746977,0,1
CENTRAL ÁUDIO SOM E ACESSÓRIOS,CENTRA,37,42,0.826946,0,1
Virtua Coworking,.viralata,35,35,0.8269273,0,1
Multihype,Multifeme,8,41,0.826521,0,1
A S SANTOS SUPERMERCADO,SANTOSHA,35,43,0.8264299,0,1
MD SISTEMAS,Sistema Laser,42,42,0.82610464,0,1
ESPÍRITO SANTO CONSTRUÇÃO BRASIL,ESCOLA DO ESPÍRITO SANTO,41,41,0.82601243,0,1
HORTALÍCIA,Hortaliças BUGNO,43,39,0.8254879,0,1
MALU,MATIC,16,20,0.82502407,0,1
Polaris Energia Solar,POLARIX,42,21,0.82421786,0,1
SÓ PISO CACULÉ,Pisos+,35,27,0.8239582,0,1
NEO AGROAMBIENTAL,NEOID,42,35,0.8238557,0,1
MASTER SILVA SEGURANÇA ELETRÔNICA,MASTER SMART,37,37,0.82381666,0,1
INSTITUTO ROSANE CARDOSO,INSTITUTO CCV,41,41,0.82372665,0,1
UMTELECOM,OP TELECOM,42,35,0.8237152,0,1
CONSTRUTORA COLMEIA,COLMEIARIA,0,35,0.82304114,0,1
INSTITUTO ROSANE CARDOSO,INSTITUTO KRONA,41,41,0.82225114,0,1
MEDITERRÂNEO REDE DE POSTOS,MEDITERRANEUM,40,35,0.8213388,0,1
Virtua Coworking,VIREN,35,35,0.8208347,0,1
GRÁFICA PARCERIA,GRÁFICA BELLA,40,40,0.8207913,0,1
MISS NINA,NINA,35,21,0.82051957,0,1
RN RECIFE NOTÍCIAS,IN IRECÊ NOTÍCIAS,41,41,0.8201098,0,1
Agência - Assistência de Elite,Agência Oak,35,35,0.81989497,0,1
Plano do Gabarito,PLANO X,41,9,0.8193235,0,1
GFORCE,GFORCE,35,9,0.81929904,0,1
FF PONTES,HF,29,31,0.8188234,0,1
EMPÓRIO COCADAS OLIMPIO,EMPÓRIO DOM RUDÁ,35,35,0.8172631,0,1
Private Construction Incorporation,PRIVATE CONSTRUTORA,36,42,0.8172021,0,1
FIBRATTO MÓVEIS ARTESANAIS,FRATTO,35,29,0.8168944,0,1
MENTORIA EM GRANDES OPERAÇÕES,Mentoria Flash,41,41,0.8168477,0,1
Virtua Coworking,CONEXÃO VIRTUAL,35,35,0.81672853,0,1
Virtua Office Coworking Ideas,.VIRALATA,35,35,0.816373,0,1
GabrielBot,Gabriel Byte,42,35,0.81542975,0,1
EMPÓRIO ESTILO,CIA EMPÓRIO,35,35,0.81464666,0,1
BM AUTOPARTS,BM,35,42,0.81456953,0,1
MÉTODO 3T,Método PAP,41,41,0.8145303,0,1
Virtua Vet Coworking Veterinário,VIRX,35,42,0.81427974,0,1
ARCON CONSTRUTORA,ARC,37,36,0.814035,0,1
XES BRASIL,ZEZK,25,35,0.8136983,0,1
ISA,Isao,29,42,0.8132385,0,1
Nutris no Online,NUTRI+,35,30,0.81305546,0,1
HAPFARMA,FCE PHARMA,35,35,0.8129829,0,1
BOI E BRASA,Braza Box,43,39,0.81288534,0,1
SOLAR BANHO E PISCINA,SOLAR BEST,35,37,0.8124897,0,1
Nutris no Online,NUTRIE,35,35,0.8123828,0,1
STUDIO HYPE CONCEPT ARQUITETURA E ENGENHARIA,STUDIO PREGO,37,42,0.81226873,0,1
CASA CONCRETA,CONCRETECH,42,42,0.81196135,0,1
Bara,BÁRBARA,35,18,0.81166744,0,1
STOCK PISOS,STOCKFISH,42,35,0.8116163,0,1
G.O. CLINIC,Clini,44,42,0.8110244,0,1
ANAMAC,ANAMAI,35,14,0.80925494,0,1
AÇAÍ FOOD,AÇAÍ 24H,35,30,0.8092387,0,1
MÃOS QUE ENCANTAM,Encanto & Cor,35,35,0.8091478,0,1
GABRIELE,GABRIELA PAIVA,0,41,0.8089747,0,1
CENTRO EDUCACIONAL PEQUENINOS JÚNIOR,CENTRO EDUCACIONAL ELO,41,41,0.80889654,0,1
MOODZ COLLECTION,DOMI COLLECTION,25,35,0.8088414,0,1
IDEIA ULTRALED,ultra,20,35,0.808267,0,1
XPORTS EVENTOS,GL SPORTS,41,35,0.8079225,0,1
Virtua Office,VIRTUOSO,35,43,0.8068107,0,1
PRIME AUDIOVISUAL,PRIME PUB,41,43,0.8059676,0,1
ARCÁDIA,ArcadiA,44,41,0.8058923,0,1
HORTALÍCIA,PORTALE,43,43,0.805496,0,1
DELLA & DELLE,Padelle,35,14,0.8054178,0,1
ENGENHAR CONSULTORIA,EXER ENGENHARIA,42,42,0.80531085,0,1
ARQUISTUDIO arquitetura e urbanismo,Identidade Arquitetura e Urbanismo,42,42,0.8049953,0,1
VIRTUA COFFEE WORK,GUDY COFFEE,43,43,0.80490446,0,1
MULTIGRAN MÁRMORES & GRANITOS,MultigaES,35,37,0.80415857,0,1
QUEIROZ PARTICIPAÇÕES,Queiroz Express,35,21,0.80360305,0,1
NUTRI FIBER,nutrigo,31,30,0.80339986,0,1
.Simplifica Inglês,Casa Simplifica,35,35,0.8032377,0,1
VERBA,VERBA,9,39,0.8031282,0,1
NANA NENÉM,NENÉM NA NUVEM,35,20,0.8027863,0,1
CASA CONCRETA,CONCREJOTA,42,37,0.80244315,0,1
NEO SOLUÇÕES AMBIENTAIS & PROJETOS AGROPÉCUARIOS,NEOID,42,42,0.80215484,0,1
VAMO,VAMORA,36,10,0.8014545,0,1
ANDER SABORES,and wander,30,35,0.80145407,0,1
PIZZA FONE pizza,Pizza Flow,43,43,0.8014115,0,1
CV / INVEST DTVM,INVEST4U,36,35,0.80136204,0,1
ALPHA MOTORS,ALPHA DC,35,35,0.80099326,0,1
INICIATIVA EDUCA!,EDUCAVIVE,41,41,0.8009429,0,1
B BARÃO IBITURUNA,BARA,36,37,0.80072397,0,1
Insight Strategic Social Media,Insights Hub,35,35,0.7998321,0,1
AQ AYR QUALITY MOURA,AYRA,37,35,0.7996865,0,1
CASTELO ENTRETENIMENTO,L&P entretenimento,41,41,0.7995693,0,1
SOUL ZEN,Soul Serena,35,18,0.79935676,0,1
MONSTERBEE SUPLEMENTOS,MONSTERA,35,35,0.7986615,0,1
E.CONTROL,CLUB CONTROL,9,42,0.7985159,0,1
IMPACTO,IMPACCTO,40,35,0.79676175,0,1
CASA SOLAR,SolarChef,42,11,0.794959,0,1
The People Restôbar,THE BASIC PEOPLE,43,35,0.7941272,0,1
INSTITUTO DE MÚSICA CLARITASPULCHRI,INSTITUTO CCV,16,41,0.79343724,0,1
ESSENCIAL MOTOS ATACADO E VAREJO,Essencial baby,12,35,0.7933461,0,1
COMUNICADO,Comunicamake,16,41,0.79234457,0,1
modo conectado,CONECTA D2C,35,35,0.7915862,0,1
DIÁRIO NOTÍCIAS,NOTÍCIAS SJC,41,35,0.7914586,0,1
SYM,SIORA,36,9,0.7914318,0,1
EMPÓRIO DO CARANGUEJO,EMPÓRIO DO RIO,43,35,0.79105276,0,1
TROPICAL CHIC,Tropical-X,35,43,0.7910315,0,1
DESCOMPLICANDO O ALEMÃO,DESCOMPLICANDO RÓTULOS,41,41,0.79039323,0,1
Multihype,Multifeme,16,41,0.79022324,0,1
Prato Pet,PRATA & PRATOS,31,43,0.790163,0,1
BOM LEITE,LEITE,35,24,0.78916204,0,1
D PRIMES AÇAIZINHO,PRIME PUB,30,43,0.78866524,0,1
MUSICAL BMB,MUSICAL BEATS,41,44,0.7873553,0,1
ARENA BEACH,Areal Beach,38,41,0.78700334,0,1
UMTELECOM,A.R TELECOM,42,37,0.78654444,0,1
CAPIM,CAPIM,41,42,0.78607213,0,1
Marketing Erótico,Missão Marketing,41,35,0.7859966,0,1
G.O. CLINIC HOSPITAL DIA EM GINECOLOGIA,EP CLINIC,44,44,0.7853528,0,1
FRAGRANCE MAISON,MAISON ALISSÉ,35,25,0.78491724,0,1
FARMÁCIA ULTRA BARATO,FARMÁCIAS Rodolfo,35,35,0.78355587,0,1
DESCOMPLICANDO O ALEMÃO,DESCOMPLICANDO TPM,41,41,0.78352666,0,1
GABRIELE,Gabriel Pardo,0,41,0.7834798,0,1
VELOZ,VELORA,37,35,0.7827602,0,1
CONTABEM,CONTABILÊS,35,41,0.780967,0,1
ILANA BRAGA,KILANA,35,35,0.7804882,0,1
OI NEGÓCIOS IMOBILIÁRIOS,PBD NEGÓCIOS,36,36,0.7795099,0,1
SMART ELETRÔNICOS,B=SMART,35,7,0.77900445,0,1
PURE NUTRE,PURE,35,28,0.77767116,0,1
AÇAÍ FOOD AÇAÍZINHO,AÇAÍ POWER,30,43,0.77760756,0,1
IMPERIALLE,IMPERIALIS,9,20,0.77747726,0,1
GRUPO S,GRUPO V8,35,35,0.7756901,0,1
SUSTENTARTE,SUSTENTA AI,35,35,0.7750043,0,1
MINAS DE MINAS,MINASA,35,8,0.7740055,0,1
CONSTRUCICLO,CICLO VAC,35,37,0.7738341,0,1
PRIMÍCIAS CORTINAS,Primax,24,21,0.77377427,0,1
"""KARNE KEIJO""",KARUI,-1,30,0.77348346,0,1
PRATINHA,Pratinho no ponto,0,43,0.7734449,0,1
NEW TECH BLINDAGENS,NEW AGRO TECH,40,35,0.7733027,0,1
CONFIA + SOLUÇÕES FINANCEIRAS,Conecta Soluções Financeiras,36,36,0.7725329,0,1
BELLA MARIA,BELLA MANIA,40,30,0.7723846,0,1
CASA DO RESTAURANTE,CASADEMÃE,35,35,0.7722754,0,1
MALUKÃO DAS FABRICAS,MALUKIES,40,30,0.77152675,0,1
MOODZ COLLECTION,D DOCA'S COLLECTION,25,35,0.77030593,0,1
EMPÓRIO DO PÃO,EMPÓRIO DO MAR,35,35,0.76981616,0,1
IGREJA EVANGÉLICA ASSEMBLEIA DE DEUS MINISTÉRIO DO TEMPLO CENTRAL,AD ASSEMBLÉIA DE DEUS CASCAVEL,45,41,0.76905143,0,1
ACAÍ DO TIO REI,AÇAIZIM,30,30,0.7688349,0,1
ESCRITA E LEITURA PARA EVOLUÇÃO E VALORIZAÇÃO NA APRENDIZAGEM ELEVA,E - LEVE,35,35,0.76862407,0,1
Concept Hospital Dia,CONCEPT,36,35,0.7681537,0,1
NEW PLASTIC,PLASTLEV,21,35,0.76803416,0,1
GRUPO S,GRUPO DUMA,35,35,0.76746947,0,1
neo núcleo de emergências odontológicas,NEOON,44,44,0.7673416,0,1
GABRIEL SOUZA,GABRIELA,41,41,0.7671377,0,1
P COFFEE,JM COFFEE,43,43,0.76684934,0,1
DOM PASTEL,Pastel da Mi,0,35,0.7664263,0,1
VIVA PIZZA,vivan,30,35,0.7656203,0,1
COXIBURGUER,CUBE BURGUER,35,30,0.76502454,0,1
GOLDEN TEAR A DARK FANTASY TTRPG,GOLDEN TEAM,41,41,0.76421696,0,1
APLICA BUS,Aplicap,35,35,0.76421267,0,1
AMAZON PRODUTOS NATURAIS,AMAZONRIP,30,35,0.76365465,0,1
MD SISTEMAS,MD,42,19,0.76336706,0,1
CLÍNICA VETERÍNARIA E PET SHOP BELA VIDA,Vila Canina Pet Shop e Clínica Veterinária,44,35,0.7632715,0,1
MAIDA HEALTH,Health Makers,35,41,0.7626644,0,1
CASA DO RESTAURANTE,CASA DO PERFIL,35,40,0.7618314,0,1
AUTO ESCOLA ATUAL CENTRO DE FORMAÇÃO DE CONDUTORES,autoescola NAÇÕES,41,41,0.76158994,0,1
ALIGNMED,Aligned,35,35,0.76106364,0,1
HORTILOG,Pórtico,9,9,0.7604984,0,1
Distribuidora Classic,GENESYS DISTRIBUIDORA,35,35,0.760228,0,1
M MÓBILE SUPERMERCADO,Mobilee,35,1,0.7599339,0,1
PBENERGIASOLAR,ASGE ENERGIA SOLAR,37,37,0.7596463,0,1
Temperos Magia,TEMPERO REAL,30,31,0.7580718,0,1
ÚNICO CAMINHO,uni,35,43,0.7570901,0,1
PERSONALE PLANTAS,Personare,42,45,0.7569929,0,1
Toca fina cozinha,FITOCA,30,30,0.7568667,0,1
PARADISE CHANNELS,Channels,38,35,0.7565485,0,1
REI DAS CLÍNICAS,CLINICAWEB,41,42,0.75585604,0,1
Liberty Energia,LIBERT,42,40,0.7557798,0,1
VILLAR ELÉTROS,VILLA MAG,35,43,0.7556091,0,1
PARTIU CAFÉ,partiu,43,42,0.7554887,0,1
ELETRO SOLAR,ELETROBIGELI,35,35,0.75489724,0,1
¿Flash Life Business,Flipê,41,41,0.754604,0,1
IN CONNECTION,COMPANY CONNECTION,41,28,0.75384414,0,1
BRASIL SOLUÇÕES INTELIGENTES,RMP+ EHS SOLUÇÕES INTELIGENTES,36,42,0.7537579,0,1
SALÃO e CONGRESSO BRASILEIRO da CACHAÇA,CONGRESSO BRASILEIRO DE COSMETOLOGIA,41,41,0.75295043,0,1
ACADEMIA DO VAREJO,Konnen Academia,35,41,0.75293416,0,1
SER SAÚDE,Saudee,16,35,0.75275594,0,1
Z ZEST,ZEST SNACKS,35,30,0.7527512,0,1
The People Restôbar,THE BASIC PEOPLE,43,40,0.7524709,0,1
MALU GUARDANAPOS DE PAPEL,MAIG,16,35,0.7522641,0,1
CENTRO DE TREINAMENTO THE MOVEMENT,Fábrica Centro de Treinamento,41,41,0.7501755,0,1
açaí Vitaly Pura energia,VITAM,30,35,0.7498583,0,1
IGREJA BATISTA ESSÊNCIA DO ESPÍRITO,IGREJA BATISTA REINO,45,45,0.7496401,0,1
PASTEL DA TERRA,Pastel da Mi,43,30,0.7474812,0,1
VITAL CONFORT,VITALOK,24,21,0.74739164,0,1
Águas Curitiba,ÁGUA SURDA,39,43,0.74643546,0,1
MARCENARIA J. MEDEIROS,JPR MARCENARIA,20,20,0.7463146,0,1
MAIDA.HEALTH,MAYDAY,9,35,0.7462018,0,1
PRONET TELECOM,FRON,38,41,0.74513686,0,1
CVPAR DIGITAL,DIGITAL,35,37,0.74469495,0,1
hidra hair,HYDRA,12,35,0.7442423,0,1
FESAN INTELIGÊNCIA IMOBILIÁRIA,RIGHT SPOT INTELIGÊNCIA IMOBILIÁRIA - W N E S-,36,42,0.74394196,0,1
SERTANEJA,MESA SERTANEJA,35,38,0.74369204,0,1
MANÁ TEMAKERIA & SUSHI BAR DELIVERY E EVENTOS,Manai,30,43,0.74241835,0,1
ANEL FARMA MANIPULAÇÃO,FÀNEL,44,35,0.7423864,0,1
INTEGRAL CLUBE DE BENEFÍCIOS,INTEGRAMEI,35,35,0.7411846,0,1
FAMÍLIA DE CACHOS,FAMILIAR,3,3,0.7411464,0,1
ES CONSTRUÇÃO,HS CONSTRUÇÃO,41,35,0.74085236,0,1
MG MINAS GERAIS CERTIFICADORA DIGITAL,POSTO MINAS GERAIS,42,37,0.7392054,0,1
LÁ NO PASTEL,Pastel HUB,43,43,0.7386049,0,1
PASTEPIZZA LANCHES,Pazzi di Pizza,43,43,0.73779774,0,1
EMPÓRIO COCADAS OLIMPIO,EMPÓRIO PETALI,35,29,0.7376072,0,1
CASA DO BOLO VOVÓ TIANA,Casa do 3D,30,40,0.7371435,0,1
CASA D INTERIORES,Casa 5G,35,38,0.7370257,0,1
FA FASHION ATACADISTA O VAREJO NO PRECINHO DE ATACADO,FAHLENA ECO FASHION,25,35,0.73595285,0,1
COMPREX,Compre sua Peça,37,35,0.7354692,0,1
PRATINHA,PRATINI,0,35,0.73522145,0,1
BRASIL MÓBILE,ATT BRAZIL,35,35,0.7350407,0,1
ALUMÍNIO ALIANÇA,MP Alumínio,35,21,0.73503894,0,1
MÉTODOCOIMBRA,Método C.E.O,41,41,0.7345767,0,1
MED MALL,MV MED,35,35,0.73454046,0,1
ELETRO SOLAR,eletromuk,35,39,0.73408103,0,1
FARMÁCIA ANDRADE,Farmácia Boituva,35,35,0.7330891,0,1
MANÍ,MANICUT,35,44,0.73297316,0,1
INSTITUTO REVER SETE QUEDAS,INSTITUTO JUSTIÇA,41,41,0.73263615,0,1
AGUARDENTE DE CANA PRATINHA,Aguardente de Cana Melindrosa,35,33,0.7320153,0,1
ALLON,ALLOY,41,35,0.7312795,0,1
B BRASMETAL,BRASMEDI,-1,35,0.73124343,0,1
VIRTUA COFFEE WORK,só toffee,43,43,0.7307915,0,1
KONIK,KONICA,-1,2,0.7306101,0,1
NOSSA MARCENARIA !,MARCENARIA 4.0,20,20,0.72998,0,1
HIGH TICKET ADVANCED,CRM HIGH TICKET,41,42,0.72942746,0,1
Espirito Capixaba,CAPIXABA,35,31,0.7288482,0,1
START COMUNICAÇÃO INTEGRADA,Star,35,45,0.72851497,0,1
EMPÓRIO VSN+ VENTURA SPORTS NUTRITION,EMPÓRIO PRIME,35,43,0.7283261,0,1
Comercial Têxtil,FOCO Comercial,35,35,0.728237,0,1
VOZ DAS MINAS,MINASVOL,41,35,0.7253955,0,1
AUTO PEÇAS MATOS,Autopen,35,8,0.7251938,0,1
DELÍCIAS DA MIRA DO DOCE AO SALGADO,delíciaaa,43,41,0.72482085,0,1
AUTO PEÇAS MATOS,Netmix Auto Peças,35,12,0.7242832,0,1
CENTRO AUDITIVO LIBERTY,LYD CENTROAUDITIVO,35,35,0.7209943,0,1
SER SAÚDE,SAÚDE+PE,38,45,0.7198791,0,1
Agência VET,AGÊNCIA K1,42,35,0.71969754,0,1
G.O. CLINIC HOSPITAL DIA EM GINECOLOGIA,SM CLINIC,44,44,0.7194022,0,1
TERRAMAXX SOLUÇÕES EM IMPLEMENTOS FLORESTAIS,Terramor,35,30,0.7190054,0,1
Hconnect,PAW CONNECT,42,21,0.7184618,0,1
TOTUS DESIGN,Lótus Design,35,42,0.71791536,0,1
AGÊNCIA ART,agência (re)trato,35,39,0.71555996,0,1
SE LIGA VM,Se liga só,41,41,0.7153147,0,1
FLOR DE CACTUS LIMPEZA E IMPERMEABILIZAÇÃO,Flor de Caiena,37,35,0.7148439,0,1
PÃO DE QUEIJO UNAÍ,PÃO DE QUEIJO VÓDELAIDE,43,35,0.7147877,0,1
VirtuaMed O hub da saúde coworking médico,virtubem,44,35,0.71343654,0,1
EMPÓRIO VÓ OLIVIA,EMPÓRIO DO HOMEM,35,35,0.7132844,0,1
PET POW,PET POVÃO,21,35,0.71253,0,1
MASTER ALUMÍNIO,Master DM,35,43,0.7118528,0,1
GRAMAC,Gramado,35,3,0.711845,0,1
inova FOODS,INOVAPME,35,41,0.7107984,0,1
FARMÁCIAS PRIME,PISA FARMACIAS,35,35,0.71068615,0,1
RESTAURANTE MENINA GERAIS,LA'DUNA RESTAURANTE,43,43,0.7101416,0,1
A ASA DIGITAL INTERNET,DIGITAL.COM,38,35,0.70852846,0,1
GRUPO MS MAIS QUE SAÚDE,GRUPO MX8,35,35,0.70819664,0,1
TINTAS VERGINIA,JCS TINTAS,35,2,0.70493424,0,1
CALY,calico,35,35,0.7040845,0,1
SPRING,SPRINT,15,12,0.7028763,0,1
Acurá,ACCURA,29,9,0.7022893,0,1
BOTANIK INCORPORADORA,BOTANIFIQUE,36,35,0.70224005,0,1
ACADEMY DENTISTA DE SUCESSO,AIL - Academy,41,41,0.70090634,0,1
I IMPACTO,IMPACTUS,35,17,0.7008309,0,1
CANAL 10,CanalJMS,41,41,0.7005066,0,1
High Protector,PROTECTOR,3,4,0.6997696,0,1
SMART ELETRÔNICOS,SMART PEEL,35,10,0.6990307,0,1
INTEGRAL TRADING,INTEGRALMEDICA,35,31,0.6980084,0,1
AGUARDENTE DE CANA PRATINHA,PRATINI,35,35,0.6979751,0,1
PÃO DE QUEIJO TINÔ,Oh Pão de Queijo,30,43,0.6971952,0,1
CASTELLA,CASAELLA,21,35,0.6968368,0,1
WM INVESTIMENTOS,X10 INVESTIMENTOS,36,36,0.6966929,0,1
GABRIEL SOUZA,GABRIEL ZUUK,41,41,0.69666934,0,1
Pai Fora de Série,Fora de Série,41,9,0.6961113,0,1
GABRIELE,GABRIEL FROEDE,0,35,0.6960455,0,1
COXIBURGUER,prazí burguer,30,43,0.69565904,0,1
Fene Distribuidora,FM DISTRIBUIDORA,35,35,0.69563043,0,1
APLICA BUS,Aplicap,35,35,0.6955253,0,1
HOME TOP MÓVEIS E COLCHÕES,TECHHOME,35,35,0.6954161,0,1
BOUTIQUE SAÚDE,Boutique do sono,35,35,0.69518715,0,1
CENTRAL PINK,CENTRAL PISCINAS,35,40,0.6951225,0,1
AUTO POSTO DOIS IRMÃOS,AUTO POSTO DIAS,35,35,0.6936903,0,1
SMART ELETRÔNICOS,Smartflex,35,38,0.69345134,0,1
TURMINHA DIÁRIO,TURMINHA DE VALOR,38,41,0.69318664,0,1
VENÂNCIO,VENENUM,37,32,0.6916663,0,1
ROUP' ARTE NOVAS E USADAS,ROUZ,35,35,0.69062585,0,1
PERFAL,PERFECT CDOP - LOJA,35,35,0.6901066,0,1
CASA CONCRETA,CONCRETA,35,37,0.6895887,0,1
I/O TECNOLOGIA INDUSTRIAL,IB TECNOLOGIA,35,37,0.689034,0,1
CLÍNICA MÉDICA GODINHO,CliniCalm,44,44,0.6880238,0,1
COMUNICADO,COMUNICA BET,16,41,0.6872042,0,1
D PRIMES AÇAIZINHO,Primea,30,35,0.6870103,0,1
FESTIVAL DO VINHO FESTA DO VINHO,FESTIVAL SSA,41,41,0.6868135,0,1
Y.Consultoria,DX3 Consultoria,35,35,0.6866278,0,1
SER SAÚDE,Sr. Saúde,41,44,0.68544763,0,1
ÁGUIA BRASIL DISTRIBUIDORA,ACQUAVIABRASIL,35,45,0.6853174,0,1
CARNES BOM REBANHO,Casa de Carnes Bom Corte,35,35,0.6852815,0,1
VILLAR ELÉTROS,Villa Cacau,35,35,0.6851533,0,1
RHEUMA-IN,RHEUM.AI,44,41,0.68416214,0,1
FLOR DE ELIS MODA INFANTIL,FLOR DE LIZ,35,13,0.6832494,0,1
ESPAÇO ENGENHO COLONIAL,ENGENHO DO COLONO,41,35,0.68299365,0,1
Portal do Desenvolvimento Infantil,Sementare DESENVOLVIMENTO INFANTIL,41,41,0.6823852,0,1
"DIZ, MULHER!",MULHERIA,9,41,0.6821623,0,1
INSTITUTO ROSANE CARDOSO,INSTITUTO MANDI,41,41,0.681815,0,1
AGÊNCIA ART,AGÊNCIA CONTI,35,35,0.6811364,0,1
LATICÍNIOS ED LEITE,BRANDO LATICÍNIOS,29,35,0.68035203,0,1
RESTAURANTE MENINA GERAIS,KENOMA RESTAURANTE,43,43,0.6801033,0,1
RESTAURANTE MENINA GERAIS,MAROLLO RESTAURANTE,43,35,0.6789435,0,1
TOMAZ DISTRIBUIDORA,TCOMAS,35,11,0.67893636,0,1
@blindador,BLINDADO,45,41,0.6781777,0,1
FORT EVENTOS,HortApp,41,35,0.6768116,0,1
DROGARIA SANDES,DROGARIA ZONA SUL,35,35,0.6766478,0,1
VIDRAÇARIA MUNDO DOS VIDROS,EB VIDRAÇARIA,19,40,0.6765177,0,1
SEU DIREITO,Direito Certo,38,45,0.6764112,0,1
COMPREX,COMP,37,42,0.6763788,0,1
ELETRO SOLAR,ELETRONAGRO,35,37,0.6762162,0,1
AR MARCENARIA AMBIENTES PLANEJADOS,AFS Marcenaria,20,20,0.67594236,0,1
HAUS ALAMOÉ,HAUS,35,18,0.67574066,0,1
BRASILGÁS,BRASILIA,0,12,0.67523444,0,1
Q.SABOR PIZZARIA DELIVERY,Saboreô,39,35,0.6750559,0,1
CONGELADOS SANTA RITA SAPUCAÍ,Congela Congelados,35,35,0.67461985,0,1
PLANETA BEBÊ,planeta a,42,42,0.6742438,0,1
CHURRASCARIA ORIENTAL,CHURRASCARIA MENINO DE OURO,43,35,0.6742324,0,1
CENTRAL MECÂNICA,CentralMax,37,9,0.67402196,0,1
BRASIL SEGURANÇA ELETRÔNICA,BRASYS,45,42,0.67354864,0,1
A Nova Saúde por Dr William Araujo,SaúdeNow,41,41,0.67258817,0,1
MADEIREIRA RIO BRANCO,RIO BRANCO IMPORT STORE,35,35,0.67194265,0,1
A ASA DIGITAL INTERNET,DigitalView,38,35,0.6710878,0,1
OPERA HOUSE,HOUSE OF AME.N,25,35,0.6708581,0,1
FRAGRANCE MAISON,MAISON SENNA,35,35,0.6706225,0,1
DEEP COLLECTION,Dê Isa Collection,25,35,0.6691991,0,1
Fardin,PARDINO,35,29,0.66872984,0,1
PBENERGIASOLAR,EJS ENERGIA SOLAR,37,42,0.6673128,0,1
SPA COLCHÕES,SPAR,35,35,0.6661557,0,1
GRUPO MS,GRUPO HOMERO,44,35,0.66422325,0,1
FRAGRANCE MAISON,MAISON ASTRAL,35,25,0.6637998,0,1
FONTE DE ALEGRIA,ALEGRIA & FESTA,32,35,0.6635884,0,1
INDAIÁ,INDAIAPEÇAS,0,12,0.6634261,0,1
MOVÊH,Mover,42,35,0.66288936,0,1
SVM INSIGHTS,BetInsights,41,42,0.6619384,0,1
TERRAL MARESIAS,TERRAGOTA,-1,35,0.6606313,0,1
A AMARE HOME,AMARAM,35,25,0.6605919,0,1
REI DA LINGERIE,Saranda Lingerie,40,25,0.6598052,0,1
BAR E RESTAURANTE ZÉ CARLOS,Bar e Restaurante Helô,43,43,0.6596086,0,1
VELOZ,Velofox,37,12,0.65956837,0,1
EMPÓRIO VÓ OLIVIA,EMPÓRIO PRIME,35,43,0.65928316,0,1
Dietitan,Dietitan,44,9,0.6591073,0,1
CASA DOS TEMPEROS & CIA,ETEMPEROS,35,30,0.65792775,0,1
SORVETES ICE TRUCK,Sorvetes do Nick,30,35,0.6579098,0,1
MANÁ TEMAKERIA & SUSHI BAR DELIVERY E EVENTOS,MANAVI,30,35,0.6576128,0,1
VENTURIM,Venturinni,35,7,0.6573773,0,1
SHOPPING PIZZA BURGER,KUTZ BURGER & PIZZA,43,43,0.6569736,0,1
CARVOEIRO BRASA E BAR,BRASEIRO,43,35,0.6566542,0,1
CHURRASQUEIRAS LOBO,CHURRASQUIM,11,41,0.6563754,0,1
ES ELETRO SENA,ELETRO VJ,37,37,0.6560842,0,1
ANTERACAPS,ANTERA,35,35,0.6559461,0,1
SORVETES ICE TRUCK,SKIPEROLA SORVETES,30,35,0.65402985,0,1
NATURAL VILLE,naturalvitae,37,35,0.6539605,0,1
Jucelino Móveis Planejados,IMPACTO MOVEIS PLANEJADOS,35,35,0.6538488,0,1
Lumiê Lingerie & Co.,LUMY,35,40,0.65188974,0,1
CANAL 10,Canal SAF,41,41,0.6512507,0,1
AR TERRAPLANAGEM ADRIANO ROCHA,DAF TERRAPLANAGEM,37,37,0.65087175,0,1
Reviva by Fibra Náutica,REVIVARIO,37,37,0.6491354,0,1
EMPÓRIO DA TAPIOCA,Empório CTZ,35,35,0.6488223,0,1
SUPER LAGOA,SUPERLAMP,35,35,0.6487094,0,1
EDUCALAB,EducaLab,16,35,0.64851004,0,1
TOP BRASIL FERTILIZANTES,SLS Shop Brasil,35,9,0.64822936,0,1
TURMINHA DIÁRIO,Turminha da Liga,41,41,0.6470078,0,1
NINARE,NINA O,40,3,0.6468472,0,1
KONIK,KONICA,-1,1,0.6454136,0,1
CT CERÂMICA TIJUCA,CERAMIC LINE,35,21,0.6452306,0,1
Método Ressonante,Método ETC,41,41,0.64512616,0,1
PADRÃO,PADRÃO A.,42,41,0.64495426,0,1
SANTA PRAIA,PRAYA,43,32,0.64394003,0,1
IGREJA EVANGÉLICA ASSEMBLEIA DE DEUS MINISTÉRIO DO TEMPLO CENTRAL,Assembleia de Deus Novo Começo,45,45,0.6429783,0,1
COLISÃO DISTRIBUIDORA EMBALAGENS EM GERAL,Alpi Distribuidora,35,35,0.6423669,0,1
ALTO BRASIL,OBJETO BRASIL,35,25,0.6421049,0,1
BUTECO DO DANI,BUTECO DO ANÃO,43,43,0.64171594,0,1
Terra dos Grandes Festivais,TERRA DO SOL,41,43,0.64156514,0,1
COLISÃO DISTRIBUIDORA EMBALAGENS EM GERAL,BENTO'S DISTRIBUIDORA,35,35,0.64074206,0,1
CEARÁ MOTOS,CAPIVARA MOTOS,7,35,0.6406254,0,1
TUDO TECH,Tudo Q,37,35,0.6394304,0,1
É DE CASA ENERGIA SOLAR,Casa Enkel,42,42,0.6393597,0,1
ESPETINHO DA KARLA DESDE 1996,ESPETINHO DO PATOLA,43,43,0.6391751,0,1
FLÔR DO CAFÉ CONFEITARIA,FLOR DO CACAUEIRO,43,30,0.63840824,0,1
FAALA NUTRI !,NUTRI+,41,35,0.6383937,0,1
IDEAL SUPER,Idealtec,11,35,0.6372505,0,1
TV DIÁRIO,Diarix,0,9,0.63711035,0,1
FARMÁCIA ANDRADE,FARMÁCIA DE LUCA,35,35,0.6360528,0,1
AGÊNCIA ART,AGÊNCIA SUALOGO,35,45,0.6334045,0,1
ENERGIA NATURAL,Oliá Natural,-1,3,0.6322155,0,1
Massena,MASSETA,37,35,0.632008,0,1
VISÓTICA,VISTA TÁTICA,40,35,0.6318519,0,1
FAROL ACADÊMICO,PAROMAX,41,41,0.6306525,0,1
ESPETINHO DA KARLA DESDE 1996,ESPETINHOS IPAVA,43,29,0.6306175,0,1
DLINDA,DEOLINDA,35,43,0.63027173,0,1
VIRTUA COFFEE WORK,Virtude Mineira,43,30,0.6289212,0,1
PAPO CARREIRA,CARREIRA FEST,38,41,0.6287589,0,1
NACIONAL GÁS,NACIONAL FIRE,4,37,0.6273276,0,1
VERDE MERCÊ,VERDENA,35,30,0.6269509,0,1
açaí Vitaly Pura energia,VitalLink,35,35,0.6268346,0,1
NACIONAL GÁS,Nacionalidade,35,45,0.6267645,0,1
ALUMÍNIO ALIANÇA,FOX ALUMÍNIO,35,40,0.6261012,0,1
VENÂNCIO,NANCY,37,43,0.6254422,0,1
ETERNUM WATCHES,ETERNITÀ,35,45,0.6251251,0,1
PRO PRODUÇÕES E PROPAGANDA,News Produções,41,41,0.62507755,0,1
BEM STORE,BEM +,35,44,0.6249065,0,1
A AMARE HOME,AMARA,35,25,0.6248457,0,1
SUPER BLOCOS,Supercubo,40,9,0.6247973,0,1
MOUTRIZ ENERGIA E CONSTRUÇÃO,Motriz,42,45,0.6245867,0,1
TECNO PLANT,TECNOPIG,35,31,0.62400055,0,1
Florens,FLORENÇA,41,35,0.6231753,0,1
COXINHA EXPRESS,Expresso,43,42,0.62295717,0,1
GRÁFICA PARCERIA,L1 Gráfica,40,40,0.6228685,0,1
RESTAURANTE MENINA GERAIS,RESTAURANTE H2,43,43,0.622516,0,1
MÓVEIS PAGANINI,FERLINI MÓVEIS,20,40,0.6223774,0,1
PRIME PE,PRIMEPLAS,35,20,0.6213804,0,1
WSM AMBIENTAL,vsmb,44,35,0.62099713,0,1
DEEP COLLECTION,Alvile collection,35,25,0.6202977,0,1
"TÁ, QUERIDA!",QUERIDO,35,30,0.61900055,0,1
CONTA BEM,CONTA.GE,16,35,0.6177976,0,1
NACIONAL,Nacionalidade,0,45,0.61765695,0,1
NACIONAL GAS BUTANO,Nacionalidade,0,45,0.61728644,0,1
É HIT,Hiit,35,41,0.6172393,0,1
CASA CONCRETA,CONCREJOTA,35,35,0.61713415,0,1
PAZ & AMOR,Amor Fati,38,41,0.61696744,0,1
Quintal Cozinha pra Torar,Quintal do Pão,43,30,0.61695874,0,1
Desconto de Hoje,DescontaBR,35,35,0.61606675,0,1
BAR E RESTAURANTE ZÉ CARLOS,BAR E RESTAURANTE TAFAREL,43,43,0.61572146,0,1
Auto Posto G&D,AUTO POSTO KS,35,35,0.61556625,0,1
UNIMAQ,UNIMARRI,35,25,0.6122166,0,1
NACIONALGÁS,Nacional Cards,4,35,0.6120551,0,1
EMPÓRIO MAIA,CIA EMPÓRIO,35,35,0.61137736,0,1
Burguer do Nô,Norka Burguer,43,35,0.6113416,0,1
FRUTY BOM,Utibom,32,35,0.6112901,0,1
AÇAI FOOD,AÇAÍ JP,43,40,0.6111278,0,1
Black Stone,Blackstar,41,42,0.6105023,0,1
SUBLIME PARRILLA-BUFFET,SubliMaju,43,40,0.6104302,0,1
LA FOCACCIA IMPORTADOS,FOCACCIO,0,43,0.6082337,0,1
EMPÓRIO VÓ OLIVIA,Empório Casamac,35,35,0.60822636,0,1
VIVANET TELECOM,VIVA + PET,38,41,0.6072363,0,1
MAIS CHURRASCO,MAIA,35,25,0.6063616,0,1
AR MARCENARIA AMBIENTES PLANEJADOS,MARCENARIA GUARUJÁ,20,40,0.6047005,0,1
SABOROSO PRIME,SABOR 40º,30,30,0.604157,0,1
LATICÍNIOS ED LEITE,ITAMILK LATICÍNIOS,29,35,0.60409606,0,1
Comercial Têxtil,COMERCIAL PRÓ,35,41,0.6036665,0,1
Virtua Office Coworking Ideas,vireimãe,35,35,0.6032538,0,1
RESTAURANTE ENSEADA MANGUINHOS,CENA RESTAURANTE,43,43,0.6031807,0,1
VILLAR ELÉTROS,VILAR,35,44,0.60296756,0,1
COCO BRASIL RESTAURANTE,Brasil Cert,43,42,0.60295016,0,1
IDEAL TOTAL,Idealtec,11,9,0.60288924,0,1
CAFÉ ESPECIAL SERENGETI,we special cafés,35,30,0.6002736,0,1
FAVO,FAVO BAR,0,43,0.59884804,0,1
VITAL CONFORT,VITAM,24,35,0.5983378,0,1
IMPACTO,IMPACTUS,35,17,0.59809047,0,1
RESERVA LW INDÚSTRIA DE BEBIDAS SAUDÁVEIS,RESERVA goyá,35,45,0.5980355,0,1
AO SOM DA VIOLA,SOMVIBE,38,45,0.597415,0,1
PBENERGIASOLAR,auroravolt energia solar,37,37,0.5973524,0,1
ACAÍ DO TIO REI,AÇAIZIM,30,31,0.5958728,0,1
VIMAQ,VIMAX,35,40,0.59580344,0,1
NUMA creative design,NUMAR,35,43,0.59537077,0,1
TRESSÊ,TRESSENCE,35,35,0.5938702,0,1
A ASA DIGITAL INTERNET,Digital Dicas,38,41,0.59333724,0,1
HIPER BR,HIPERBET,1,35,0.5930331,0,1
açaí Vitaly Pura energia,GEVITALY,30,35,0.59260124,0,1
LUNNA,LUNNAÈ,35,14,0.59256095,0,1
IGREJA EVANGÉLICA ASSEMBLÉIA DE DEUS MINISTÉRIO NOVA ALIANÇA,IGREJA EVANGÉLICA ASSEMBLEIA DE DEUS NAÇÃO DA CRUZ,45,45,0.5924983,0,1
Becker Advogados,BRANT ADVOGADOS,45,45,0.59234977,0,1
Scanauto,Scana,35,42,0.5915252,0,1
easybee,EASYBRAS,35,35,0.59137964,0,1
FEIRA DO EMPREENDEDOR DE SOORETAMA,Rota do Empreendedor,41,35,0.59119356,0,1
QUEIROZ PARTICIPAÇÕES,QUEIROZ,35,17,0.59071976,0,1
SALÃO e CONGRESSO BRASILEIRO da CACHAÇA,BRANCACHAÇA,41,41,0.59030837,0,1
CENTRAL MECÂNICA,CENTRA,37,42,0.58869785,0,1
PURÍSSIMA,FLORÍSSIMA,30,35,0.5883732,0,1
CANAL 10,CANAL 10,41,35,0.5881716,0,1
ALPHA MOTORS,ALPHAMOLD,35,21,0.58771473,0,1
Influencer ON,INFLUENCER STORE,41,41,0.5875994,0,1
POWER FIX,Power Pilot,3,35,0.5857709,0,1
LAG ATACADÃO,ATACADÃO DO VALE,30,35,0.58516264,0,1
api.saúde,AFIP,42,35,0.5843241,0,1
INSTITUTO REVER SETE QUEDAS,INSTITUTO MS,41,41,0.58375204,0,1
PIZZARIA CARPATHIA,GUIA Pizzaria,43,35,0.583535,0,1
PASTEL DA INÊS,Pastel da Mi,43,39,0.5831371,0,1
Fortaleza Serralheria e Vidraçaria,PORTALE,35,43,0.5826105,0,1
ZAPET,SAFETY ONE,42,35,0.58178794,0,1
ALUMÍNIO ALIANÇA,ALUMÍNIO ESTRELA,35,6,0.58167756,0,1
NOSSO NORDESTE,LINK NORDESTE,38,42,0.578695,0,1
Zelda,SELF DRINK,29,35,0.57863617,0,1
BISCOITOS VÔ PEDRO LAMPIÃO,Biscoititos,30,30,0.57838327,0,1
EASYBEE,EASYBRAS,35,35,0.5783622,0,1
INSTITUTO REVER SETE QUEDAS,Instituto Go,41,41,0.57578063,0,1
ÍNTEGRA ENGENHARIA E SEGURANÇA,INTTEGRA +,42,9,0.5753541,0,1
GRANORTE TUBOS,GRUPO PEDRA NORTE,35,8,0.5750906,0,1
CANAL DEZ,Canal Dark,0,38,0.57435805,0,1
NEO AGROAMBIENTAL,NEOON,42,36,0.57413983,0,1
CASA D INTERIORES,CASA.CA,35,35,0.5733392,0,1
PRATINHA,PRAINHA,0,41,0.5729481,0,1
NN NORDESTE NOTICIAS,CITS NORDESTE,38,41,0.57293737,0,1
DIVINO AGROARTE,Divino Ponto,41,35,0.5709804,0,1
START COMUNICAÇÃO INTEGRADA,STAR 3,35,28,0.5697893,0,1
PORTAL DOS REIS RECEPÇÕES EVENTOS,PORTALE,41,43,0.56976557,0,1
AGÊNCIA ART,Agência Work,35,41,0.569734,0,1
IHEALTH,GoHealth,42,35,0.56909245,0,1
ATHENAS 3000,ATHENAS SPORTS,35,35,0.5688164,0,1
EASYBEE,Easybeer,35,7,0.5682274,0,1
Digital Jurídico,digitale,45,35,0.5678711,0,1
DEEP COLLECTION,COLLECTION DES CHEFS,35,33,0.56776726,0,1
Agência VET,Agência Who,35,41,0.5677408,0,1
CONTABEM,CONTAON,41,35,0.56705475,0,1
CONTÁBIL TURMALINA,Contio Contabilidade,35,35,0.5650025,0,1
SEO BAR BOTECO E BOTEQUIM,SÊO TONICO BAR,43,43,0.5646154,0,1
JH CAMINHÕES,J F,12,35,0.5644788,0,1
MINISTÉRIO SEMELHANTE,MINISTÉRIO NERIAH,41,45,0.5633125,0,1
PROMAC,PROMAG,35,40,0.56330657,0,1
Tô Fit alimentos saudáveis,TO.FISH,35,43,0.5622278,0,1
BOUTIQUE PET LUCKY JR,Boutique de Luz,35,14,0.56213593,0,1
FARMÁCIAS PRIME,PRIME,35,35,0.5609044,0,1
CONTABEM,Contabipro,35,42,0.5604677,0,1
CB CASA BACHÁ,BAC,35,6,0.5604079,0,1
CENTRAL DOS CARTUCHOS INFO,Centralcart,35,42,0.558857,0,1
PRATINHA,Pratinho no ponto,0,43,0.5588481,0,1
Bella NOBRE DOCES,BellaDur,35,8,0.55842316,0,1
COMOL CONSULTORIA M.L.,Comot,42,43,0.55757105,0,1
BRASILGAS,BRASIO,0,41,0.55723476,0,1
BRASILGAS,BrasilNFT,0,41,0.55711275,0,1
BE LIGHT INFRARED SAUNAS,Light Blue,37,40,0.55634993,0,1
EDUARDO CONFECÇÕES,Eduardo MC,24,42,0.5562589,0,1
Manacá Tecnologias Sociais,Mana,42,41,0.55518657,0,1
Instituto Apollo,Instituto Apoio,41,45,0.55504423,0,1
B BARÃO IBITURUNA,B BAR,36,35,0.55469686,0,1
CENTRAL MECÂNICA,CENTRAL DA COP,37,42,0.55390215,0,1
PURE NUTRE,ENUTRE,43,41,0.55374455,0,1
Academia de Astrologia,APEX ACADEMIA,41,41,0.55311775,0,1
NN NORDESTE NOTICIAS,CITS NORDESTE,41,42,0.5514021,0,1
PERSONALE PLANTAS,Personare,42,38,0.55070794,0,1
S HORSE,Horse Circles,3,35,0.5502806,0,1
Quintal Cozinha Pra Torar,QUINTAL DO ZICO,39,43,0.5491796,0,1
Reduto,REDUTOSS,42,5,0.5481205,0,1
Aluris IA,ALURY,42,10,0.5478764,0,1
RADIANTE CENTRO EDUCACIONAL RCE AZ 2003,RAD-IA,41,42,0.54679006,0,1
VAMO,VamoLar,36,21,0.54657817,0,1
BRASILGAS,Brasiliê,0,4,0.5465009,0,1
SER SAÚDE,Sr. Saúde,38,9,0.5458468,0,1
EDITORA DOXA,EDITORA D+,35,9,0.5453416,0,1
NATURAL WAX,NATURALS RUN,1,35,0.5449917,0,1
STAMINA DIGITAL,digitale,35,35,0.54373556,0,1
RÉNOVÉ,Renova Be,3,35,0.5436708,0,1
BRASILGÁS,BRASIL GOLD,0,35,0.543323,0,1
BRASILGÁS,BRASIL GOLD,0,35,0.543323,0,1
BRASILGAS,BRASIL BET,0,41,0.5424698,0,1
WM INVESTIMENTOS,CBB Investimentos,36,36,0.5423245,0,1
ODONTO SCAN FRANQUIAS,Scana,44,42,0.5419471,0,1
TROPIGÁS,TROPIX,0,35,0.54148257,0,1
TERRA SANTA AROMAS,Terra Santa Mineração,4,35,0.540903,0,1
primart,PrimaApp,25,35,0.54050934,0,1
FESAN INTELIGÊNCIA IMOBILIÁRIA,RIGHT SPOT Inteligência Imobiliária,36,35,0.5401255,0,1
ENGENHAR CONSULTORIA,EXER ENGENHARIA,42,37,0.53993744,0,1
carmais,LAR MAIS,37,35,0.539512,0,1
NUTRI FIBER,NUTRILIFE,31,44,0.5391668,0,1
Distribuidora Classic,NP Distribuidora,35,35,0.539043,0,1
G.O. CLINIC HOSPITAL DIA EM GINECOLOGIA,F6Clinic,44,41,0.53867257,0,1
MIDOL,Midora,0,42,0.53816664,0,1
EMPÓRIO DO PÃO,EMPÓRIO RV,35,43,0.53799385,0,1
"""KARNE KEIJO""",KARUI,-1,29,0.53689784,0,1
CENTRO DE FORMAÇÃO DE CONDUTORES VANGUARDA,AUTO ESCOLA VENTURA - CENTRO DE FORMAÇÃO DE CONDUTORES,41,41,0.53620523,0,1
RS SERRALHERIA ESQUADRIA DE ALUMÍNIO E VIDROS,SERRALHERIA DEUS É FIEL,37,37,0.53604126,0,1
"""KARNE KEIJO""",KARUI,-1,29,0.5352516,0,1
DEEP COLLECTION,LUNÉ Collection,25,35,0.53499776,0,1
TROPIGÁS,TROPIX,0,25,0.5349785,0,1
LUAU DO SANFONEIRO,PINGO SANFONEIRO,41,41,0.53483176,0,1
EMPÓRIO MAIA,MAYAD,25,42,0.53413075,0,1
energia natural,ENERGIA PURA,32,35,0.53333956,0,1
SORVETES DO VALE,SR.GELADO SORVETES,35,35,0.5330812,0,1
HOW BE TECH,Powertech,37,37,0.53305113,0,1
R.SOLAR,SOLAR.AG,42,35,0.5330213,0,1
COLONIAL,Colônia Muraro,0,41,0.5325528,0,1
MANÁ TEMAKERIA & SUSHI BAR DELIVERY E EVENTOS,MANAJAM,30,35,0.53239655,0,1
DANIEL TRANSPORTES,Daniel Morato,0,41,0.53035337,0,1
EMPÓRIO DO BOI CASA DE CARNES,EMPÓRIO DO MAR,35,35,0.52936584,0,1
INSTITUTO DE MÚSICA CLARITASPULCHRI,INSTITUTO KRONA,41,41,0.52925533,0,1
GABRIELE,GABRIEL BOY,0,41,0.52839404,0,1
AGUARDENTE DE CANA PRATINHA,Aguardente de Cana Melindrosa,33,33,0.527759,0,1
ECO VIDA,ECOVINKA,35,35,0.5276871,0,1
Pharmare,PHARMA SHARE,35,41,0.5275974,0,1
Pharmare,PHARMA SHARE,35,41,0.52759737,0,1
CIRCUITO DISTRIBUIDORA,CIRCUITO Speciale,35,35,0.5272683,0,1
Blindador,BLINDADOS BH,35,39,0.5265918,0,1
FORTALEZA MAR HOTEL,PORTA DO MAR,43,39,0.52567667,0,1
MARIANA QUEIROZ ACESSORIOS,MARIANA JUNQUEIRA,35,35,0.52517927,0,1
CloserX,Closerfy,41,42,0.52441776,0,1
F.A.Z. Financeiro de A a Z,FAZZA,35,35,0.52347916,0,1
MODA.COM,Modanna,25,35,0.52264345,0,1
AGÊNCIA ORGANIZADA,Agência 100k,42,35,0.5225707,0,1
EMPÓRIO COCADAS OLIMPIO,Emporio WEB,35,21,0.52229273,0,1
Trampo Feito,TRAMPOLIM,42,43,0.52197045,0,1
AMIGOS EM AÇÃO,ALÔ AMIGOS!,0,38,0.5190777,0,1
SYM,SIMMON.AI,36,42,0.51798373,0,1
VAMO,VamoLar,36,35,0.51794165,0,1
DIVINO BOLO,DIVINI,40,35,0.51758975,0,1
INSTITUTO REVER SETE QUEDAS,INSTITUTO ALUME,41,41,0.5167777,0,1
ASA IMÓVEIS,Asali,36,35,0.5158013,0,1
ECOMMERCE JUQUINHA,Vital e commerce,35,35,0.5144685,0,1
EMPÓRIO CAPAS VCA,Empório Casamac,35,35,0.511747,0,1
SUPER Lagoa,SUPERLAMP,29,35,0.5114927,0,1
INSTITUTO REVER SETE QUEDAS,Instituto Aura,41,41,0.51125264,0,1
CASA DO RESTAURANTE,Casa Bardô,35,3,0.51075274,0,1
GW LOG TRANSPORTES,W.A.G TRANSPORTES,39,39,0.5093715,0,1
Aprende Aplica,APRENDIZ,35,33,0.50922674,0,1
UNIMAQ,UNIMARC,35,35,0.5080722,0,1
FOR YOU EVENTOS,Pure for You,41,35,0.507954,0,1
PERFAL,PERFORM,35,45,0.50740457,0,1
MOBY URBANO,MOBYAN,9,42,0.50739855,0,1
VELOZ,VELORA,35,5,0.5071348,0,1
HOME TOP MÓVEIS E COLCHÕES,HOMETAU,35,35,0.50703776,0,1
CONTÁBIL TURMALINA,HEINIG CONTÁBIL,35,35,0.50677323,0,1
IÁ! COMUNICAÇÃO,IA+,38,42,0.50655186,0,1
BG BOUTIQUE GODIVA,BOUTIQUE DAYIL,35,35,0.5051672,0,1
Manacá Tecnologias Sociais,Manai,42,43,0.5045122,0,1
BRASILGAS,BRASIL BET,0,35,0.5038803,0,1
BRASILGÁS,BRASIL BET,0,35,0.5038803,0,1
STUDIO R BY RENATA SANTIAGO,STUDIOCAR,44,35,0.50361365,0,1
DM AMBIENTAL,RF AMBIENTAL,40,35,0.50340146,0,1
TERRAL MARESIAS,Terra Gaia,-1,25,0.50290966,0,1
CRISTÃ CONNECT,CRYSTAL MOON,41,41,0.5025643,0,1
BRASILGAS,BRASILUZ,0,37,0.50163406,0,1
api.saúde,Ápice,42,35,0.5009071,0,1
ATALAIA NORONHA,ENJOY NORONHA,39,39,0.500286,0,1
VIA BRASIL,VIAJEI BRASIL,35,35,0.49956104,0,1
SUPER LION,SUPERLAMP,32,35,0.499187,0,1
RESTAURANTE MENINA GERAIS,RESTAURANTE TATA,43,43,0.49902308,0,1
CASA D INTERIORES,CASA LÔ,35,25,0.49852213,0,1
SER SAÚDE,Sr. Saúde,35,44,0.4976086,0,1
PARADA DA SERRA,Parada do Coco,35,43,0.4975937,0,1
Zelda,SANTA KILDA,29,35,0.49686083,0,1
ELÉTRICA GONÇALVES,ilumelétrica,37,35,0.49632365,0,1
CACHOEIRA,CABANA MIRADOR DA CACHOEIRA,30,43,0.49588484,0,1
CAMPOS EXTINTORES,CAMPO,35,43,0.495222,0,1
BOND BOCA,Bondcom,35,1,0.49448,0,1
ECO SOLUÇÕES EM ENERGIA,ILB SOLUÇÕES,42,37,0.49433023,0,1
IDEAL POP,IDEAL 3D,11,6,0.49401525,0,1
CONTABILIDADE MASTER,SATTVA CONTABILIDADE,35,35,0.49366775,0,1
Zelda,ZETU,29,35,0.4935489,0,1
S HORSE,Horse Now,3,35,0.49327075,0,1
COLÉGIO M MASA,COLÉGIO COP KIDS,41,41,0.4920084,0,1
RAIOS,Raiô,35,36,0.4914216,0,1
HEALTHMAP,Health Makers,42,41,0.49125537,0,1
FUNERÁRIA GONZAGA,FUNERÁRIA OMEGA,45,45,0.49052435,0,1
SAÚDE CERTA MATERIAL HOSPITALAR,Alerta Saúde,35,44,0.49042124,0,1
SERTANEJA,SERTANEJA ARRETADA,35,33,0.49023184,0,1
CENTRO EDUCACIONAL MÚLTIPLA ESCOLHA,UP GRUPO EDUCACIONAL,41,41,0.4882935,0,1
ACADEMIA DO VAREJO,ACADEMIA GO IT,35,25,0.48679617,0,1
TRU LOGÍSTICA,Trevo,43,35,0.48658293,0,1
AGÊNCIA ORGANIZADA,Agência Oak,42,35,0.4865003,0,1
Virtua Vet Coworking Veterinário,Vireê,35,40,0.4858098,0,1
RESERVA LW INDÚSTRIA DE BEBIDAS SAUDÁVEIS,RESERVA Sprint.,35,35,0.48576388,0,1
DM AMBIENTAL,a ambiental,40,42,0.48546758,0,1
CARBOTAR,CARBO START,-1,8,0.4847266,0,1
BELA MARI,BEL,41,35,0.4838894,0,1
RANCHO NOVO,RANCHO 2K,35,45,0.48295167,0,1
BEACH GOLDEN,BEACHING,35,35,0.4827069,0,1
ARMAZÉM DAS GERAES SECOS E MOLHADOS,ARMAZÉM DAS ESPUMAS,43,40,0.48179832,0,1
SANTA PRAIA,santaprint,43,40,0.48146692,0,1
BRASILGAS,BRASIL X,0,36,0.4813782,0,1
BRASILGÁS,BRASIL X,0,36,0.4813782,0,1
FRANQUIA FANTASIA,FANTASYDRAFT,28,41,0.47904715,0,1
IDEAL FARMA,idealcert,35,42,0.4789897,0,1
INSTITUTO REVER SETE QUEDAS,INSTITUTO ALLWERT,41,41,0.47890395,0,1
SOLUÇÕES FUNDAÇÃO,SOLUÇÕES ADM,37,35,0.4784323,0,1
D&F MODA FITNESS,GRA.BELLE MODA FITNESS,35,25,0.4779303,0,1
GREEN AGRO BIO,GREEN AGE,35,35,0.47562125,0,1
GRANJA VILELA GV,GRANJA AVIN,29,29,0.47450432,0,1
ACAIACA MALL,Açaiê,0,35,0.47389898,0,1
INSTANTE URBANO,INSTANTÂNEA,35,41,0.4728143,0,1
GB GIBATTAGLIA,GB,36,35,0.4719534,0,1
TELEVISÃO DIÁRIO,DIÁRIO 360,41,35,0.47179556,0,1
FRISMAX,PRISMA,11,35,0.4714906,0,1
ARQUITETURA INTEGRATIVA,INTEGRARTE,41,41,0.4709779,0,1
BOUTIQUE SAÚDE,Bo Bardi Boutique,35,25,0.47076264,0,1
E A ESTUDIO ARTE,estúdiopena,38,42,0.47045532,0,1
RAPHAELA SHAKE MIX,Rapha,43,35,0.47006717,0,1
SALÃO DE BELEZA INFANTIL CANTINHO DA CRIANÇA,CANTINHO DA MODA AS,44,35,0.4687626,0,1
UNIVERSO KINDER,UN Universo Tennis,16,35,0.46816048,0,1
RESTAURANTE MENINA GERAIS,RESTAURANTE CHINA 25,43,43,0.468146,0,1
IGREJA EVANGÉLICA ASSEMBLEIA DE DEUS MINISTÉRIO DO TEMPLO CENTRAL,Assembleia de Deus Ministério Vila Nova,41,45,0.46757445,0,1
ESQUADRIPLUS,esquadr.IA,35,42,0.4674142,0,1
NUTRI FIBER,NUTRIVE,31,35,0.46698752,0,1
AQUA PISCINAS,AQUAX,19,35,0.46601245,0,1
DX Vendas Oficial,DBS Vendas,41,35,0.46583793,0,1
FEIRA DO AGRONEGÓCIO E EMPREENDEDORISMO DE ALFREDO CHAVES,FC AGRONEGOCIOS,41,44,0.46563601,0,1
TUDO DELLA,TUDO DE PET,3,35,0.46506798,0,1
E - SAFE,SAFEUP,35,35,0.46402332,0,1
RANCHO DO ACARAJÉ,RANCHO BENNU,43,41,0.46305662,0,1
Marketing Erótico,MeuMarketing,41,9,0.46079534,0,1
COLÉGIO CONEXÃO,CONEXÃO WK,41,35,0.46063322,0,1
DELÍCIAS DA XÚ LANCHONETE,DELICIAS DO MILHO,43,40,0.46027794,0,1
COLÉGIO M MASA,COLÉGIO CONNEXT,41,41,0.45951307,0,1
ELÉTRICA TECH MATERIAIS ELÉTRICOS E AUTOMAÇÃO INDUSTRIAL,ELÉTRICA LIMA,35,37,0.45930123,0,1
MINAS IMPORTS,MINASLIGAS,35,35,0.45883164,0,1
MASTER SHOES,MASTER WIN,35,35,0.4587308,0,1
idealize,ideale,35,20,0.45730564,0,1
GYM NUTRIX,Glo ? NuTrix,35,5,0.45669916,0,1
MERCA CONTABILIDADE & CONSULTORIA,Mercasa,35,35,0.45640504,0,1
S.O.L FESTIVAL,SOLD,41,35,0.45574403,0,1
EMPÓRIO DO PÃO,EMPÓRIO ZOE,35,35,0.45565996,0,1
SUSTENTARTE,SUSTENTAPET,35,40,0.45533592,0,1
SUSTENTARTE,SUSTENTAPET,35,40,0.45533592,0,1
SORVETES DO VALE,DONNA SORVETES,35,29,0.45522276,0,1
SORVETES DO VALE,DONNA SORVETES,35,29,0.45522276,0,1
RI ARQUITETURA,Arquitetura Jurídica,42,45,0.45511204,0,1
CHECKUP,Checkmob,38,9,0.45443174,0,1
Virtua Vet Coworking Veterinário,Virtual Saúde,44,35,0.45430267,0,1
PROMAC,PROMM,35,10,0.45403367,0,1
MARCENARIA J. MEDEIROS,MARCENARIA 4.0,20,35,0.453783,0,1
DELÍCIAS DA XÚ LANCHONETE,Delício,43,42,0.45250782,0,1
LAG ATACADÃO,ATACADÃO DO VALE,35,35,0.4517935,0,1
VILLAR ELÉTROS,Villas UBA,35,43,0.45103464,0,1
CASA DO RESTAURANTE,CASCADO,35,43,0.4500977,0,1
BRASILGAS,BRASIX,0,9,0.44839582,0,1
NACIONAL GÁS BUTANO,TIRO NACIONAL,0,41,0.44774404,0,1
FUNERÁRIA SANDES,Funerária Wolff,35,45,0.44660422,0,1
Master Multi,MasterHit,35,41,0.44622734,0,1
E-CLEAN,CLEAN CAPAS,11,35,0.44564998,0,1
A MAR A VIDA,AMARAE,41,35,0.44443828,0,1
MASTER SHOES,MASTER SPICES,35,30,0.4440082,0,1
CONSTRUTORA COLMEIA,Colmeia Vídeos,0,41,0.44359362,0,1
GARAGEM 59,GARAGE BEACH,35,41,0.44189575,0,1
BG BOUTIQUE GODIVA,B Nice Boutique,35,25,0.44073144,0,1
EMPÓRIO DO PÃO,Emporio WEB,35,21,0.44049278,0,1
EMPÓRIO DO BOLO,EMPÓRIO DUGÁ,30,35,0.438492,0,1
SOUZA,SOUZ,4,35,0.43826666,0,1
CHECKUP,CHECKIN,41,45,0.43792355,0,1
VOLTS ENERGIA TOTAL,WOLTEK,35,7,0.4375749,0,1
neo núcleo de emergências odontológicas,NEOON,44,35,0.4354254,0,1
VIDRAÇARIA E ESQUADRIA IMPERIAL,VIDRAÇARIA MK,35,37,0.43521187,0,1
BRASILGAS,BRASIL BET,0,38,0.4351346,0,1
BRASILGÁS,BRASIL BET,0,38,0.4351346,0,1
BRASILGÁS,BRASIL BET,0,38,0.4351346,0,1
RAÇA FORTE,FORTEC,35,12,0.43470037,0,1
BOUTIQUE PET LUCKY JR,Boutique de Luz,35,40,0.4345628,0,1
PURE NUTRE,PURE,43,42,0.43399605,0,1
Lucky Jr Pet,LUCKY CUP,35,7,0.43375877,0,1
DEEP COLLECTION,WE COLLECTION,35,25,0.43122727,0,1
SUPERMERCASA,Supermercados Kern,35,39,0.43006912,0,1
SORVETES DO VALE,SKIPEROLA SORVETES,35,43,0.42952272,0,1
MARÉ SOCIAL,MARÉ,41,41,0.42945114,0,1
COMUNICADO,Comuny,16,41,0.42924672,0,1
CLAY.,Clayver,3,35,0.42906585,0,1
PIZZARIA LEOO'S,MENSATO´S PIZZARIA,43,43,0.4289357,0,1
GABRIELE,Gabriel,0,42,0.4281149,0,1
F.A.Z. Financeiro de A a Z,Pazen,35,45,0.4274335,0,1
D&F MODA FITNESS,K.FIT - MODA FITNESS,35,25,0.42716733,0,1
PINHEIRO MÓVEIS,MIL PINHEIRO,20,35,0.42491418,0,1
R.IMUNO CRIO,Imunofem,5,35,0.42454192,0,1
ESSENCIAL MOTOS ATACADO E VAREJO,ESSÊNCIA GA.IAH,12,42,0.42274275,0,1
MUNDO DA TABACARIA,ALEMÃO TABACARIA,35,35,0.42228445,0,1
SMART SCOOTERS,SMARTCOMP,35,35,0.42177913,0,1
SÓ PISO CACULÉ,SOFISTIC,35,20,0.4217718,0,1
PBENERGIASOLAR,BRUSOLIS ENERGIA SOLAR,37,37,0.42048785,0,1
ALUMÍNIO ALIANÇA,UNIALUMÍNIO,35,35,0.42022803,0,1
INVENTAR,INVENCI,35,18,0.41944778,0,1
BOUTIQUE DO FERRO,BOUTIQUE DO SONO,40,20,0.4191333,0,1
LATICÍNIOS ED LEITE,LATICINIOS VALE DO RIO,29,29,0.41871646,0,1
CACHOEIRA,Cachoeira da Chinela,30,43,0.41854435,0,1
FEIRA DO EMPREENDEDOR DE SOORETAMA,SKIN EMPREENDEDORA,41,41,0.4184797,0,1
G.O. CLINIC HOSPITAL DIA EM GINECOLOGIA,CLÍNICA TAZ,44,44,0.4176223,0,1
VELOZ,VELOSTER,35,37,0.416449,0,1
FUNERÁRIA SANDES,FUNERÁRIA PAZ FAMILIAR,36,35,0.41493204,0,1
UNIVERSO DO PÃO PADARIA E CONFEITARIA,UNIVERSO DA BELEZA,43,35,0.41487983,0,1
CASA D INTERIORES,CASA D'ELLA,35,3,0.4140405,0,1
VIDRAÇARIA MUNDO DOS VIDROS,VIDRAÇARIA RISPOLI,19,35,0.41277888,0,1
LAFUENTE TURISMO,LA PINTÊ,0,35,0.41180775,0,1
ESCOLA MÓVEL,Mover,41,35,0.41168848,0,1
Virtua Office,ESPELHO VIRTUAL,35,42,0.41166323,0,1
SORVETES ICE TRUCK,Sorvetes Sergel,30,35,0.41153508,0,1
MERCA CONTABILIDADE & CONSULTORIA,Mercanfily,35,35,0.41103062,0,1
CASA CONCRETA,CONCRETESTE,38,42,0.41049725,0,1
pH Piscina,FH,40,17,0.41007212,0,1
TECNO PLANT,TECNOLITA,35,19,0.41002536,0,1
LULLY'S ALIMENTOS ARTESANAIS,LULLA,30,35,0.40922508,0,1
Virtua Vet Coworking Veterinário,VIRTUOSO,44,43,0.40911928,0,1
AVESTA,AVEN,35,35,0.40715295,0,1
GRUPO MS MAIS QUE SAÚDE,GRUPO HOMERO,35,35,0.40652716,0,1
COLISÃO DISTRIBUIDORA EMBALAGENS EM GERAL,Fene Distribuidora,35,3,0.40598622,0,1
MÔNICA CURY,MÔNICA CELL,25,35,0.40543562,0,1
FARMÁCIA ANDRADE,FARMÁCIA ARACAJU,35,35,0.404089,0,1
INSTITUTO REVER SETE QUEDAS,INSTITUTO JCO,41,42,0.40402904,0,1
BOI E BRASA,BRASAL,39,43,0.4030027,0,1
ANDER SABORES,and wander,29,35,0.40241578,0,1
energia natural,GAIA natural,32,35,0.40204656,0,1
MesoAcademy,MEF ACADEMY,41,42,0.40184444,0,1
WORLD GEOMETRIC,WORLDFY,14,35,0.40094775,0,1
CASA FÁTIMA AVIAMENTOS E TECIDOS,PATIS,35,35,0.40041903,0,1
Next Personal,Nest,42,37,0.39914516,0,1
ELÉTRICA TECH MATERIAIS ELÉTRICOS E AUTOMAÇÃO INDUSTRIAL,eletrycos,35,35,0.39763784,0,1
D&F MODA FITNESS,STELICIO MODA FITNESS,35,35,0.39712867,0,1
AUTO PEÇAS MATOS,CAEL AUTOPEÇAS,35,35,0.39691365,0,1
RÉNOVÉ,MeRenove,35,35,0.39557943,0,1
G.O. CLINIC HOSPITAL DIA EM GINECOLOGIA,CLÍNICA RS,44,44,0.39507037,0,1
INTERNI,INTERSOM,35,35,0.39482275,0,1
ROSA VIEIRA,A VIEIRA,35,41,0.3917673,0,1
A AMARE HOME,Ama,35,44,0.3902827,0,1
INSTITUTO REVER SETE QUEDAS,INSTITUTO PRISMA,41,41,0.39024493,0,1
ALTO BRASIL,OBJETO BRASIL,35,35,0.38965008,0,1
GULA LANCHES,Gulp,43,35,0.38925216,0,1
AUTO PEÇAS MATOS,Cubatão Autopeças,35,35,0.3892258,0,1
CONTÁBIL TURMALINA,CONTAON,35,35,0.38914508,0,1
IHOME,IMMI HOME,42,35,0.38899276,0,1
Persona Joias PJ Joias afetivas,Persona,14,28,0.3879903,0,1
PROD MONITOR,FRON,9,41,0.3872826,0,1
S HORSE,Horse Now,44,35,0.38680595,0,1
AVESTA,AVI,35,35,0.3861893,0,1
IVA INSTITUTO DE ESTUDOS E PESQUISAS DO VALE DO ACARAÚ,Instituto Ékatus,41,41,0.3859413,0,1
FAROL ACADÊMICO,Parditude,41,41,0.3852801,0,1
MASSA VINIL,MASSIÊ,2,35,0.38493386,0,1
OKA PLANEJADOS,OKAP,42,9,0.3844794,0,1
BRASIL SEGURANÇA ELETRÔNICA,mobbrasil,45,42,0.38388526,0,1
IMP INSTITUTO DE MICRO HABILIDADES EM PROJETOS Transformando Visão em Ação junto com você.,IMBIMP,41,42,0.38285908,0,1
FAROL ENERGIA DO BRASIL,Farol Red,35,25,0.3818004,0,1
GARANTIA DOS VALES SOCIEDADE DE GARANTIA DE CRÉDITO,JGS GARANTIA,36,36,0.3817723,0,1
easybee,EASYBRAS,35,9,0.3817061,0,1
EM FLOR CASA DEI FIORI,FLORA,35,23,0.38082254,0,1
A MAR A VIDA,MAIS VIDA,25,35,0.3800748,0,1
CASTELLA,castellane,20,35,0.37983122,0,1
Neuro+ Saúde,NEURON5,44,41,0.37975067,0,1
Burguer do Nô,GREGO BURGUER,43,43,0.37951866,0,1
MV TOLDOS,TOLDOS MARTINS,22,35,0.3783356,0,1
INSTITUTO REVER SETE QUEDAS,instituto update,41,41,0.3781065,0,1
FA FASHION ATACADISTA O VAREJO NOPRECINHO DE ATACADO,FAHLENA ECO FASHION,35,35,0.37774733,0,1
DOC SERVICES,DOCES +,35,30,0.37675676,0,1
POLPA DE FRUTAS CONGELADAS DONA TEREZINHA,LupaFrui frutas congeladas,29,29,0.3765168,0,1
SORVETES DHIJU,SORVETES ANDELI,40,30,0.37528402,0,1
YAP,ïapó,35,31,0.37488323,0,1
EISOLAR SISTEMA FOTOVOLTÁICO,Brisolar,42,21,0.37454024,0,1
LUMINUM,Lumi,35,35,0.37363487,0,1
MERCADO DAS COISAS,mercado compara,35,35,0.37242973,0,1
ATENDE BIKE,ATENDMED,35,44,0.37222755,0,1
MARES AO MAR,MARÉ,41,41,0.37175387,0,1
amar.elo SAÚDE MENTAL,AMARETTI,35,30,0.37109646,0,1
SANTA BÁRBARA,SANTA BÁRBARA BATERIAS,0,37,0.3693568,0,1
GREEN GUPPY,GREEN FORCE,25,35,0.36895967,0,1
CACHOEIRA DISTRIBUIDORA,CABANA MIRADOR DA CACHOEIRA,30,43,0.36850017,0,1
DE OURO E PRATA,Ouro de Minas,35,33,0.3681716,0,1
JIU - JITSU BRASIL,ZION JIU-JITSU,35,25,0.36789393,0,1
INSTITUTO DOXA,Instituto Butiá,35,45,0.367336,0,1
AM AGRÍCOLA MACHADO,JHZ AGRICOLA,31,31,0.36711153,0,1
CARBOTAR,CARBOX,-1,9,0.36705476,0,1
Florens,FLORÉ,41,9,0.3668846,0,1
CAFÉ ESPECIAL SERENGETI,SERENA,35,28,0.3649519,0,1
TERRA DO GELO AR CONDICIONADO,TERRA DO SOL,35,41,0.36412612,0,1
REI DA LINGERIE,LIZES LINGERIE,35,35,0.36394477,0,1
Nutris no Online,NutriSy,35,35,0.36300957,0,1
ÁGUIA BRASIL DISTRIBUIDORA,BRASILIA,35,12,0.36285838,0,1
açaí Vitaly Pura energia,Vitalume,35,44,0.36213696,0,1
GRUPO PRIME PLUS,Primea,39,35,0.36163256,0,1
SINDELETRO,SIM Eletro,45,35,0.36143473,0,1
PROJETO SOCIAL PRINCÍPIOS,PROJETO SOCIAL DORCAS EM AÇÃO NA NAÇÃO,45,45,0.36131483,0,1
RI ARQUITETURA,GALE ARQUITETURA,42,42,0.36098123,0,1
CANAL 10,Canal Dark,41,38,0.36096096,0,1
SPACE BURGER,SPACE,40,18,0.36075175,0,1
DOE DE CORAÇÃO,COLORADO DO CORAÇÃO,41,41,0.36072588,0,1
GabrielBot,GABRIELA,42,41,0.3599193,0,1
GabrielBot,GABRIELA,42,41,0.3599193,0,1
INFLUA,influur,41,42,0.35981178,0,1
PASTEL DA INÊS,Pastel da Mi,43,35,0.35925752,0,1
CASA DO RESTAURANTE,CASA DO BODE,35,29,0.35889047,0,1
NEW INVEST CONSÓRCIOS,Invest JP,36,36,0.35835242,0,1
Carneiros Temporada,Carla Carneiro,43,35,0.35816175,0,1
PARADINHA SORVETE DE IOGURTE,PANDINHA,35,28,0.35777712,0,1
SPRINGS,SPRINT55,0,25,0.3574592,0,1
AR MARCENARIA AMBIENTES PLANEJADOS,Tupã Marcenaria,20,20,0.3570703,0,1
BALIZA TRATAMENTO DE MADEIRA,Balise,35,35,0.35692614,0,1
TALITA SECCO,TAYTA,35,35,0.3563232,0,1
NATURAL VILLE,Naturaliz,37,35,0.356217,0,1
RNH LINGERIE,LINGER,35,1,0.35605016,0,1
DYE ME,MED+,35,10,0.35551465,0,1
RAIOS,Raiô,35,36,0.3554725,0,1
PERFAL,PERFECCI,35,25,0.35404637,0,1
CENTRAL DO PRATINHA,CENTRAL DO KIT,39,35,0.3540245,0,1
LAVANDERIA SELF SERVICE LAVEMI,PULITO LAVANDERIA,35,40,0.35373342,0,1
CAFÉ TEU GRANO,GRANOTECA,30,30,0.35362884,0,1
AKORI,AKORYZ,35,41,0.35275522,0,1
BELLA LIA,BELLAVÈRA,25,35,0.3517986,0,1
FARMÁCIAS PRIME,PRIMEAC,35,35,0.35140505,0,1
BAR E RESTAURANTE ZÉ CARLOS,BF MUSIC Bar e Restaurante,43,43,0.34818408,0,1
CONEXÃO FOOD HALL,conexão goiás,35,41,0.34813067,0,1
NACIONAL GAS BUTANO,TIRO NACIONAL,0,41,0.3481054,0,1
IBIT MOTOS,IBID,35,35,0.34741306,0,1
PONTO CELL,PONTO RURAL,37,35,0.34692365,0,1
ALLON,ALLOY,41,42,0.3468749,0,1
A ASA DIGITAL INTERNET,Ascendia Digital,38,35,0.3463431,0,1
FAROL ACADÊMICO,Farol Boemia,41,43,0.3442372,0,1
BETÃO REFRIGERAÇÃO,BETÃO,35,28,0.34186354,0,1
DELÍCIAS DA XÚ LANCHONETE,Delícias da Rochell,43,30,0.34122548,0,1
NACIONAL,NACIONAL FIRE,0,45,0.33970994,0,1
ESMALTEC,ESMALTAgel,0,44,0.33887243,0,1
META ENGENHARIA SERVIÇOS,Metalon,35,45,0.33877987,0,1
RNP BRASIL ATACADO CAMA MESA E BANHO,RP BRASIL,35,35,0.33763713,0,1
SUPER LED ILUMINAÇÃO,SUPERNA,35,44,0.33691576,0,1
AUTO PEÇAS MATOS,CARIOCA AUTO PEÇAS,35,35,0.3360825,0,1
Favily,HAVIX,35,35,0.33604777,0,1
MALU GUARDANAPOS DE PAPEL,MALIBU,16,1,0.33498156,0,1
MIL PLASTIC,PLASTIC FLOOR,35,37,0.3341053,0,1
HOTEL SERRA LIMA,HOTEL SERRA DO GANDARELA,43,43,0.3338623,0,1
ELEVA POR RENATA PAULA SANTIAGO,EVA,35,35,0.33343497,0,1
VIRTUA COFFEE WORK,Vireê,43,40,0.33290023,0,1
CONEXÃOVIP INTERNET FIBRA ÓPTICA,Conexão,38,41,0.33240923,0,1
DURAFORT,ARAFORT,11,35,0.3304807,0,1
IA Facilita,IA+,35,44,0.33019248,0,1
MARCENARIA MLM LUCAS MÓVEIS,Tupã Marcenaria,20,20,0.32987732,0,1
MANÍ,MANIA MANIA,35,35,0.3295771,0,1
Influencer ON,FAST INFLUENCER,41,35,0.32940114,0,1
CS HIGHTICKET,CRM HIGH TICKET,41,9,0.32938445,0,1
MOVÊH,MOVERE,42,35,0.32876447,0,1
OTIMIZEI,OTIMIFY,35,9,0.3281317,0,1
CENTRO AUDITIVO LIBERTY,LYD CENTROAUDITIVO,35,44,0.32805496,0,1
LATICÍNIOS ED LEITE,LATICÍNIOS SANTA CRUZ,29,40,0.3277258,0,1
IDEAL SUPER,ideact,11,35,0.32714602,0,1
CAPITAL DE FORTALEZA,FORUM CAPITAL,0,35,0.32682356,0,1
SORVETES ICE TRUCK,SKIPEROLA SORVETES,30,43,0.32643342,0,1
CRISTAL ORGÂNICOS,CRISTAL SKIM COAT,40,1,0.3260155,0,1
AVESTA,Averse,35,25,0.32547718,0,1
DISTRIBUIDORA BAESSA ÁGUA GÁS E CARVÃO,MC3 DISTRIBUIDORA,35,35,0.32538643,0,1
CENTRO EDUCACIONAL MÚLTIPLA ESCOLHA,MC EDUCACIONAL,41,35,0.32525498,0,1
TROPICAL CHIC,MUSA TROPICAL,35,35,0.32474518,0,1
Paço,FACE,35,35,0.32446808,0,1
MD SISTEMAS,SDC SISTEMAS,42,42,0.32364887,0,1
FUNERÁRIA E VELÓRIO VALE DO PARAÍBA,Funerária Camaquense,45,45,0.3236399,0,1
HORTILOG,Forttilo,9,35,0.3236094,0,1
BRISA ESQUADRIAS DE PVC,BRISA KIDS,40,40,0.32332894,0,1
LA COSTELA RESTAURANTE PIZZARIA E PETISCARIA,COSTELA 1008,43,43,0.322968,0,1
Rénové Biocosmetic Spray Hidratante Corporal (Body Moisturizing),Renovare,3,35,0.32245135,0,1
CONTABILIDADE MASTER,NJ CONTABILIDADE,35,35,0.32232842,0,1
MARIA MARIANA,MAR.IANA,43,41,0.32202834,0,1
HIDRAR PISCINAS,Hydrax,35,5,0.3216942,0,1
GESTAÇÃO,Gestare,9,35,0.32114202,0,1
SORVETES KARYONE,DACRIS SORVETES,30,29,0.3209667,0,1
EMPÓRIO DO BOI CASA DE CARNES,EMPÓRIO DOM PÉPE,35,35,0.31827644,0,1
CENTRAL ÁUDIO SOM E ACESSÓRIOS,CENTRAL AUTO PARTS,37,35,0.31801835,0,1
D&F MODA FITNESS,DRY ARAUJO MODA FITNESS,35,35,0.3176992,0,1
GENTE,GENENTECH,16,35,0.3175767,0,1
Editora Futura,FUTURO DEV,41,41,0.3171377,0,1
BOM PASTELONE,Boma,43,35,0.31706953,0,1
LATICINIO STELLALPINA,LATICÍNIOS NALMILK,29,35,0.31692126,0,1
PÃES CONGELADOS SANTA FÉ,Congela Congelados,35,35,0.31548265,0,1
IDEAL SUPER,Idealtec,11,9,0.31534037,0,1
PONTO PODER,PONTO,38,42,0.31404588,0,1
DINI MÓVEIS,DIVINI,35,35,0.3135598,0,1
REI DAS CLÍNICAS,CLÍNICA ARVI,41,44,0.31347904,0,1
AVESTA,AVA,35,35,0.31308886,0,1
D&F MODA FITNESS,DANNA BANNA MODA FITNESS,35,35,0.31261048,0,1
CAIPIRA MÁQUINAS DE SILAGEM,Caipira Padoca,7,35,0.31247875,0,1
Fortaleza Serralheria e Vidraçaria,FORTALEZA AÇAÍ,37,35,0.31173894,0,1
FB Jewelry,PB,35,35,0.31133983,0,1
Ponto Metal,PONTO CERTO,6,35,0.31038362,0,1
VASTO RESTAURANTE,VASTA,41,44,0.30933696,0,1
BRASILGAS,BRASIL BÍBLIAS,0,35,0.30896917,0,1
E-CONTROL,BSV CONTROL,11,11,0.30839723,0,1
MULTIFY,MULTIPOD,36,37,0.30815873,0,1
ACT ACADEMIA CEARENSE DE TÊNIS,Acton,41,35,0.3078341,0,1
ES CONSTRUÇÃO,EMAQ CONSTRUÇÃO,41,7,0.30751345,0,1
Prisma perfuração de poços,PRISMUN,37,35,0.3065855,0,1
EDUCALAB,educa.ai,38,42,0.30625066,0,1
FESTIVAL DE FRUTOS DO MAR DE ITAPEMIRIM,MARRÍ,41,44,0.30601606,0,1
MELHOR.AI,MELFORT,42,32,0.3058497,0,1
ECOCAST,EcoCar,45,39,0.30526516,0,1
"SpeedTech Telefonia, cabos e informática",SPEEDTECH,35,1,0.30517286,0,1
B BRASLIMP,BRASLOM,37,35,0.3048998,0,1
BOM PASTELONE,boom,43,42,0.30464464,0,1
EMPÓRIO COCADAS OLIMPIO,Empório Vilarin,35,25,0.30380955,0,1
C CONTROLLER,Controlline,0,4,0.30218557,0,1
MULTI MAIS ECOMMERCE,MULTIVIX,35,35,0.30171445,0,1
A CASA DA CONSTRUÇÃO,CASA AQUIM,35,35,0.30144602,0,1
PERFECT LINE,PERFECT LASER,41,35,0.29998913,0,1
FAMÍLIA CHURRASQUINHO,BEM FAMÍLIA,35,33,0.29961616,0,1
NUTRI FIBER,NutriVerde,31,31,0.29814267,0,1
RI ARQUITETURA,Lassi Arquitetura,42,42,0.29798114,0,1
CONTROLLER GO CONTABILIDADE DIGITAL,CONTROLIFE,35,45,0.29755276,0,1
AMOMERCI,AMOMÊ,31,35,0.29732752,0,1
A MAR A VIDA,AMARA,35,4,0.29620004,0,1
Rénové Biocosmetic-Serum Oil Skin,Renovatur,3,35,0.29572573,0,1
CONFIA + SOLUÇÕES FINANCEIRAS,INOVE SOLUÇÕES FINANCEIRAS,36,36,0.2942904,0,1
NOSSA MARCENARIA !,MARCENARIA GUARUJÁ,20,40,0.29318535,0,1
BARBEARIA DOM BIASI,W7 Barbearia,44,35,0.29255506,0,1
MERCADOFAZENDINHA,PANDINHA,35,28,0.29165626,0,1
AUTO PEÇAS MATOS,Zofort Autopeças,35,35,0.29130226,0,1
AR MARCENARIA AMBIENTES PLANEJADOS,MARCENARIA CALIFÓRNIA,20,20,0.29129234,0,1
Virtua Ideas,Virtuosos,35,41,0.290251,0,1
AUTO PEÇAS MATOS,B&M Auto Peças,35,35,0.28946236,0,1
BROOKS BRASIL JEANS,CKS BRASIL,25,35,0.28916863,0,1
DESÍGNIO,DESIGNWALL,35,19,0.2885229,0,1
DISTRIBUIDORA POPEYE JR.,DISTRIBUIDORA DE BEBIDAS SKINÃO,39,35,0.2884792,0,1
BOM LEITE,LEITE,43,35,0.28847384,0,1
ANNA MACEDO,Manna,35,31,0.28721085,0,1
ECO SOLUÇÕES EM ENERGIA,Enersolo Soluções,37,37,0.28655142,0,1
Engenharia Academy,ACADEMIA MEI,41,35,0.28626394,0,1
PERFAL,persalt,35,1,0.28624347,0,1
VIRTUA COFFEE WORK,COFFEE CALM,43,43,0.28621632,0,1
Espírito Santo Convention & Visitors Bureau,RESPIRITO,35,44,0.28562206,0,1
COLISÃO DISTRIBUIDORA EMBALAGENS EM GERAL,DISTRIBUIDORA WSP,35,35,0.2854192,0,1
ACADEMIA DO VAREJO,ACADEMIA DO SOLO,35,41,0.28528962,0,1
EcoSoluções,ARKO SOLUÇÕES,40,35,0.28528863,0,1
SYM INCORPORAÇÕES E PARTICIPAÇÕES,SIOM,36,42,0.28419304,0,1
CERVEJA ARTESANAL 806 BEER,SINCORÁ CERVEJARIA ARTESANAL,32,32,0.28381985,0,1
FARMÁCIA MAR & VIDA,MATE & VIDA,35,30,0.2837911,0,1
ELÉTRICA GONÇALVES,L.C.S ELÉTRICA,37,37,0.28333512,0,1
CONEXÃO FOOD HALL,C One,43,35,0.2821431,0,1
MARU EMPREENDIMENTOS,DAMARA EMPREENDIMENTOS,37,37,0.2819279,0,1
PADRÃO,PADRÃO CARIOCA,42,43,0.2816074,0,1
B. COMPANY,AD1 Company,33,35,0.28114405,0,1
DOIS IRMÃOS DISTRIBUIDORA DE PETRÓLEO,LATICÍNIO DOIS IRMÃOS,37,35,0.28090438,0,1
JIU - JITSU BRASIL,ZION JIU-JITSU,35,41,0.28075975,0,1
VIRTUOSA FASHION,VIRTUOSO,35,35,0.2806622,0,1
ÓTIMO por OTIMISTA,Oti+,38,9,0.2805136,0,1
NOBRE BLU,NOBRE,35,11,0.27957723,0,1
EMPÓRIO VSN+ VENTURA SPORTS NUTRITION,EMPÓRIO DO RIO,35,35,0.27888525,0,1
GRANUM CAFÉ GOURMET,Granuleco,43,31,0.27857286,0,1
FAZENDA HOMEM DE PEDRA,Fazenda Acos,35,44,0.27725884,0,1
EASY CONTABILIDADE,EASYARC,35,7,0.2772247,0,1
DIGITAL CARS,DIGITAL NEXT,35,41,0.27650067,0,1
INTENSEE CASUAL,INTENSIFÓS,35,1,0.27625886,0,1
BISCOITOS SARETTA,BISCOITOS PAULISTA,30,30,0.27604496,0,1
LUKRE,LUKS,35,40,0.27534762,0,1
PARADA DA SERRA,PARADELLA,35,14,0.27523428,0,1
NACIONAL GAS BUTANO,Nacional Cards,0,35,0.2752276,0,1
CASA DO RESTAURANTE,CASA D'ELLA,35,3,0.27520776,0,1
Concept Hospital Dia,SET CONCEPT,36,35,0.27465457,0,1
F.A.Z. Financeiro de A a Z,FASAW,35,12,0.27405804,0,1
COXINHA EXPRESS,CIA DA COXINHA,43,35,0.27222043,0,1
CONEXÃO FOOD HALL,CONEXLED,35,11,0.27212343,0,1
SANTA BÁRBARA,Santa Clara,0,31,0.27180496,0,1
Fene Distribuidora,Frez Distribuidora,3,35,0.27179548,0,1
VERDURAS NONATO,Gaúcho Verduras,31,35,0.2716293,0,1
P COFFEE,COFFEX,43,35,0.27086946,0,1
INICIATIVA EDUCA!,Educalei,35,41,0.27052185,0,1
RÉNOVÉ,Renovare,35,41,0.2704166,0,1
GRUPO S,GRUPO JCP,35,35,0.27037436,0,1
WM INVESTIMENTOS,4CF INVESTIMENTOS,36,36,0.2701687,0,1
ESPAÇOLIMPO,ESPAÇO LIPS,3,35,0.27001044,0,1
Guaraci,Guarajú,35,30,0.2698061,0,1
DURAFORT,Du fort,35,24,0.26960567,0,1
Rewa SUPPLY,Renèva,35,44,0.26936677,0,1
SIMMETRIA AMBIENTI,Asymmetry,35,42,0.2691347,0,1
D PRIMES AÇAIZINHO,PRIMEAC,35,35,0.2687607,0,1
COLISÃO DISTRIBUIDORA EMBALAGENS EM GERAL,DISTRIBUIDORA BARBOSA,35,38,0.26850578,0,1
VITA STRONG,VITA A,30,35,0.26818717,0,1
NO AR,NOAD,41,9,0.2673093,0,1
SOLUÇÕES ADMINISTRADORA DE CONDOMÍNIOS,SGP Soluções,35,20,0.2651867,0,1
EMPÓRIO MAIA,MIXMAIA,25,35,0.2642637,0,1
UNIVERSIDADE DAS ARTES,UNIVERSIDADE GAMER,41,9,0.26393956,0,1
FAÍSCA MATERIAIS ELÉTRICOS,Paizuca,35,35,0.2639182,0,1
Distribuidora Classic,MAKE DISTRIBUIDORA,35,35,0.2638769,0,1
ODONTO SCAN FRANQUIAS,SCAP,44,42,0.26384306,0,1
AUTO PEÇAS MATOS,DEKAR AUTOPEÇAS,35,35,0.26362297,0,1
START FIT STORE,Star,35,41,0.26321962,0,1
TOP PANIFICADORA,TOP G,30,35,0.26227477,0,1
P.A Manutenções,PA,35,35,0.26076448,0,1
